,mid,text_clean,Sentiment
0,4626186170796370,政治正确核心是话要好听不管对不对话要好听文科生太多这种话就不好听只要改为东南亚国家掉入中等收入陷阱的原因之一是人才培养工作未能服务于国家科技发展战略意思一样话也好听了,0
1,4626248222114519,文科生太多会影响国家发展吗陆铭澄清一下关于文科生的偏见最近有一篇文章在网上传播得非常广这篇文章对于文科生可以说是伤害性不大侮辱性极强他讲了一个事就是说在中国希望能够提高理工科学生的比重因为文章中提到在东南亚国家由于文科生比重太高导致这些国家发展停滞全文,0
2,4626250892840976,文科生太多会影响国家发展吗央行东南亚国家掉入中等收入陷阱原因之一是文科生太多疑问你认同吗近日央行发表关于我国人口转型的认识和应对之策的工作论文提出要认识到教育和科技进步难以弥补人口的下降应全面放开和鼓励生育同时论文中还表示要重视理工科教育东南亚国家掉入中全文,0
3,4626251937743591,小调查你认为文科生太多会影响国家发展吗央行称要重视理工科教育央行工作论文指出东南亚国家掉入中等收入陷阱原因之一是文科生太多你怎么看吃瓜吃瓜网页链接央行称要重视理工科教育上热搜网友本文科生竟无力反驳,0
4,4626253233525058,文科生太多会影响国家收入吗文科生太多会影响国家发展吗央行论文文科生太多会掉入中等收入陷阱央行工作论文抛出新观点文科生太多会让国家掉入中等收入陷阱央行工作论文抛出新观点文科生太多会让国家掉入中等收入陷阱微评我表示赞同如今中国人语言腐败已经极其严重假话大话空话一大堆绝大多数是文科生们干出全文,1
5,4626259017991025,央行称要重视理工科教育作者均为经济学博士文科生太多会影响国家发展吗重视理工科教育东南亚国家掉入中等收入陷阱原因之一是文科生太多日前中国人民银行工作论文刊登的关于我国人口转型的认识和应对之策引发热议据媒体注意到这篇论文的名作者分别是陈浩中全文,0
6,4626266021434485,文科生太多会影响国家发展吗俺这个文科生表示墙裂抗议本来就已经饱受歧视了因为中国的理科生实在是太多了所以这个命题俺认为是不成立的保留点文科生吧不仅要科技还要有点风花雪月诗和远方,-1
7,4626266106105238,文科生太多会影响国家发展吗不要问我告诉你们不会如果一味强调理工科反而会影响发展呢比如说我的母校清华大学一开始也是有文科的后来没了只剩下工科连理科都没有到了九十年代才逐渐恢复后来清华的文科为国家贡献了很多人才其中就包括经济管理学院现在分数线最高的就是文科全文,-1
8,4626270892065747,文科生太多会影响国家发展吗这个报告写的非常接地气讲的都是人话一下就能看懂关于报告中提到文科生太多影响国家发展的问题应该说报告的主要一起是提醒国家和人民要重视实业实业兴邦而不是总是在虚拟经济上面花费太多人力物力实业才是立国之本山南拉萨贡嘎国际机场,1
9,4626273400521436,文科生太多会影响国家发展吗你喝汤的时候会影响你吃饭吗我觉得文科生理科生一样重要微博这个问题问得太没水平了毕竟不是一两句话能说清楚的,0
10,4626275961932372,文科生太多会影响国家发展吗央行工作论文火了二胎概念凶猛涨停网友热议我也急央行称要重视理工科教育月日央行官方微信发布工作论文直指我国面临的人口严峻形势直指应该全面放开和鼓励生育月日二胎概念开盘拉升走高截至发稿贝因美威创股份金发拉比安奈儿四全文,0
11,4626277996169406,文科生太多会影响国家发展吗奇葩年年有今年格外多这几天的一篇文章让我大开眼界文章说东南亚国家由于文科生比重太高导致这些国家发展停滞没有跳出中等收入陷阱这是我听到的关于中等收入陷阱原因最奇葩的解读文章因此建议中国应该吸取教训减少文科生招生比例文科生太多会陷全文,-1
12,4626291627660139,小调查你认为文科生太多会影响国家发展吗央行称要重视理工科教育央行工作论文指出东南亚国家掉入中等收入陷阱原因之一是文科生太多你怎么看吃瓜吃瓜网页链接,0
13,4626296095901594,很多面向大众的文章都特别的难写不是写不清楚而是读者多数时候都分不清楚是我需要还是社会需要就像央行发的关于生育的文章里面讲得社会需要很简单就是要生更多没有更多的生育就没有未来的社保保障但是对读者来讲他们抱怨的是婚育成本他们是真心实意觉得领取一张结婚全文,1
14,4626343164120387,文科生太多会影响国家发展吗文科生有话说现在大家都不愿意生娃应该怨大家变得理性了为什么会理性呢因为理科生学数理化生太多可以量化的东西答案也标准逻辑就是这样限入二元对立的矛盾中成乡都逐渐消弭二元对立了还来这出敢问居心何在,-1
15,4626537041363104,文科生太多会影响国家发展吗马光远文科生太多会导致国家发展停滞作为四位经济学科班出身的博士信口开河做出这种论断而且以央行工作论文的名义发表确实匪夷所思毕竟很多人对此并不知情而这样的论断本身既缺乏依据还很有害笔者简单说几句我一直认为中等收入陷阱这个概念全文,-1
16,4626544817082620,文科生太多会影响国家发展吗文科生不要生气看题目要严谨没有说文科生会影响国家发展是太多会影响我们那时候读文科是垃圾笨蛋无奈才去读了文科年代生人文科就是文傻看看恨国党公知舔日舔美的一帮恶臭的人都是文科生改开以来国人引以为傲的成就全文,1
17,4626551524036191,文科生太多会影响国家发展吗央行人口报告为什么火了从央行的这份报告看经济增长放缓老龄化加重生育率走低由此伴生的养老问题房价问题城镇化问题教育问题都是我们当前最重要的问题简而言之人口问题不是单一的社会学问题更不是单一的经济学问题而是复杂且环环相扣的可持全文,0
18,4626554238534529,文科生太多会影响国家发展吗希望文科生好好给某些卖家普及一下别瞎取名字你知道庶人风吗北京,-1
19,4626555298386545,文科生太多会影响国家发展吗社评既要提高理工科人才培育数量也要提高文科教学质量近日央行发表了工作论文关于我国人口转型的认识和应对之策文章中提到了教育的重要性包括要求重视理工科教育并指出东南亚国家掉入中等收入陷阱的原因之一是文科生太多这个观点引发广泛的争论全文,0
20,4626560272828086,文科生太多会影响国家发展吗偶也是文科生但是偶认为央行的说法没问题只是表达上容易让有些人断章取义央行强调的是理科生的价值是要均衡毕竟科教兴国光靠嘴皮子不行空谈误国实干兴邦贝果财经的微博视频,1
21,4626563934719266,文科生太多会影响国家发展吗中国自古以来就有身份标签一会儿是出身一会儿是文武现在是文理文理本无冲突但文理一分科给人贴上了文科生和理科生的标签于是就有了冲突要说实用性即便是理科生还可以再细分为理工农医这里面最有用的大概是工学农学和医学而纯粹的搞基础研究全文,-1
22,4626575465119828,文科生太多会影响国家发展吗文科生太多肯定影响国家发展啊因为没有那么多适合文科生的岗位啊文科重不重要重要文科生重不重要也重要但是重要不等于多理工科是有相对客观的评判标准人文是没有的所以就容易打嘴仗相对来说理工科给个标准就干活了谁干出来谁牛逼干不出来自动全文,1
23,4626586273580667,我其实已经很委婉滴表达了以下的高校就别开文科了的意思吧找个像自己的名字找个像自己的名字不懂什么叫太多文科如果多正说明经济基础好科技蓬勃中国有独一的方块字有悠久的历史需要发掘传承中国需要文化自信,-1
24,4626606674415554,文科生太多会影响国家发展吗首先我个人认为肯定不会出现这样的情况即使出现了也不会有特别大的影响任何时代都需要各种人才来为社会作出服务那么这些人才到一定的发展阶段才会进行划分和区别当然这就是所谓的繁荣强盛时期因为经济基础决定上层建筑当物质基础足够好了才会有精神上的更全文,-1
25,4626608147142924,文科生太多会影响国家发展吗文科生太多会掉进中等收入陷阱历史的无知上世纪年代中国成了全世界文科生数量最少文科教育比重最小的国家文科财经政法这三个科类合起来的学生数比例年年到了年仅剩年月日毛泽东对从上海机床厂看培养工程全文,-1
26,4626670756039445,文科生太多会影响国家发展吗影不影响发展不知道但我会建议孩子选理科因为余地比较大学理科却最终去搞文的人并不少见刘慈欣学水电的没耽误写小说但很少听过哪个文学法律系毕业生去搞土木火箭了当然你家里要是有矿当我没说学考古也能很迷人,1
27,4626672827762499,靠大家一定要帮我骂骂,-1
28,4626731539628457,文科生太多会影响国家发展吗去掉吗,1
29,4626913765098669,文科生太多会影响国家发展吗央行的论文不够准确确切的说是文理科失衡重文轻理确实会影响国家发展东南亚不是文科生太多是理科生培育出来无用武之地没高端产业没有高端制造业更没有完整重工业不需要那么多理工客观来说读好理工科比读好文科累很多读个半死出来只能当菲佣这怎么搞全文,-1
30,4626934376173091,文科生太多会影响国家发展吗其实真正影响国家发展的不是文科生和理科生而是文盲和脑残理科生喜欢定量分析偏重逻辑分析而文科生喜欢定性分析偏重价值判断所以许多人认为当一个国家需要经济发展时理科生的作用更大但是无论文理科他们都是读书人都是知识分子对于国家全文,-1
31,4626951207129802,文科生太多会影响国家发展吗我不懂文科生哪里多太多又是啥概念气鼓鼓杭州,-1
32,4627010497808942,光计划文科生太多会影响国家发展吗文科生坐不住了嘻嘻舒中胜的微博视频,-1
33,4627032383684678,文科生太多会影响国家发展吗真他妈绝了啊你说人家掉入中等收入陷阱是因为文科生太多你倒是给个参考文献啊就这么扔一句话你以为你是钱伟长啊,-1
34,4627033336578438,文科生太多会影响国家发展吗有时候因果就是被砖家搞反是陷入中低收入陷阱让文科生增多好吗大家都觉得文科生相较也穷不到哪里去所以也就喜欢看起来轻松一些的文科了,-1
35,4627033503826855,文科生太少才会影响国家发展缺乏文化建设人均心理疾病所有事情只看利字这个国家就一定走不远文科生太多会影响国家发展吗,-1
36,4627034981007789,文科生太多会影响国家发展吗本文科生有点不安国家发展确实需要各种科研类的学科人才但社会和谐发展也离不开人文学科的人才文理确实应该处在一个和谐的比例上不可以重文轻理也不能重理轻文这个本身就是一个虚假命题这就好比问男人太多会影响国家发展吗城市人口太多会影全文,-1
37,4627039951519818,美国称越南瑞士和台湾满足汇率操纵标准敦促中国提高外汇干预透明度路透华盛顿月日美国财政部周五表示将继续加强与越南和瑞士的接触并与台湾启动类似的对话此前该部认定这三个经济体符合年美国汇率操纵法的标准尽管有这样的调查结果但财政部表示根据年的一部法律全文,0
38,4627041867534702,文科生太多会影响国家发展吗央行说的做的还真比我想象的多既然央行已经求真务实的发表了这篇论文那我们就把这件事当作客观事实不去否定它更不去进行文理歧视我认为用文科生理科生多和少这种量词来分析国家发展本就是值得商榷的数量与质量哪个更重要哪个影响力更大教育要发展学生的数量会只全文,-1
39,4627043503048334,岁男子与岁女生恋爱同房获刑法官即便女生形式上自愿男子也构成强奸罪近日江苏南通法院审结一起岁男子强奸岁女孩的案件去年月岁王某结识了上初一的小丽两人成为男女朋友后多次发生关系同年月小丽报警王某供认不讳王某辩护人辩护称小丽自愿发生关系自身具全文,0
40,4627052260756466,我为什么对国家的前途充满乐观有两个原因一个是历史另一个还是历史一个历史是最近年的历史这个国家政党面临过多少生死存亡的关头啊第五次反围剿抗美援朝春夏之交之后的国际孤立不都挺过来了吗而且还越来越好另一个历史是过去年的历史这么多年这全文,1
41,4627052776656734,文科生太多会影响国家发展吗对不起我立马开始学理真是吃多了闲的发表的这啥话题每个高中几个文科班几个理科班没点儿逼数是吗搁这儿叨哔叨用脚趾看到文科生多的吗,-1
42,4627055252345118,文科生太多会影响国家发展吗我做错了啥我影响国家发展了费解,-1
43,4627058908465506,铭记历史勿忘国耻铭记历史致敬英烈文科生太多会影响国家发展吗大千小小的微博视频,0
44,4627060629442377,文科生太多会影响国家发展吗作为一个文科生就我个人而言如果再给我一次选择的机会我要学理科,1
45,4627064114383058,文科生太多会影响国家发展吗你死了,-1
46,4627065612277829,文科生太多会影响国家发展吗央行称要重视理工科教育科技是第一生产力是必要的不可或缺的但不代表做不了科学技术研究的人都是阻碍社会进步的力量文科生太多这句话本身就很我们一个年段大概只有四分之一到五分之一的人二选一选历史你告诉我文科生多是瞧不起多的那四百多全文,-1
47,4627069882073442,文科生太多会影响国家发展吗俄那样的忍受迩迩的心还是将俄微笑距到千里之外,0
48,4627070054042830,任韧新知观察中等收入陷阱和文科生多有关系吗相关性因果性文科生太多会影响国家发展吗任韧的微博视频,0
49,4627071635031617,孝感一中送餐场景天下父母心愿每个孩子都能考上理想的大学文科生太多会影响国家发展吗孝感孝感达人会的微博视频,0
50,4627072146213178,你若淡定从容生命中的每一次风波都会变成风景文科生太多会影响国家发展吗,0
51,4627072708515416,文科生太多会影响国家发展吗理科生多不多是个人都知道吧二哈这是文理科人数多少的问题吗有用就有用没用就没用自己不行就不要乱扯风能帮国家科技真正发展的人才会糊脸文科生说文科生太多了国家发展会不行二哈二哈人家牛的理工人才一门心思搞科技身体力行为国家搞发展呢在你这全文,-1
52,4627073350763120,文科生太多会影响国家发展吗很难不说一句没有十年脑瘫提不出来这样的问题,-1
53,4627073702560845,文科生太多会影响国家发展吗学校里历史班是物理班的一半感觉现在选文的真不多,-1
54,4627074680095833,文科生太多会影响国家发展吗文科生比较容易培养不像理科需要实验室和更多的实践所以急功近利还是多培养些理科生好,1
55,4627074713655529,文科生太多会影响国家发展吗不会一点也不会有什么文科是没用的吗我还嫌弃文科发展的不够好哲学基本是一切科学之源了因为思考法学是维持社会正义的必要学科历史则是研究人类过往文学则是精神食粮,-1
56,4627075580824108,文科生太多会影响国家发展吗怎么讲我在这个里津津有味观察人类,0
57,4627078794969513,文科生太多会影响国家发展吗迅哥再世都救不了的脑瘫,-1
58,4627080153924427,文科生太多会影响国家发展吗拳头硬了这又是哪位专家提的吗,-1
59,4627081302901802,文科生太多会影响国家发展吗这个议题有引战的嫌疑用经济学的角度看问题就事论事对于经济不景气更需要充分利用经济学调整分配体制机制破除阻碍经济发展的绊脚石而不是纠结于文理科生的数量的确文科生太多和阻碍国家发展二者并没有直接联系牛头不对马嘴又该如何探讨国家发展全文,-1
60,4627082586100487,文科生太多会影响国家发展吗现在中考感觉已经有重文轻理的趋势了理科化学物理降分新加历史道法的论述题但影不影响国家发展这可真说不定,0
61,4627082606550183,文科生太多会影响国家发展吗歪一下新课改选的物理生物政治按我们这么分算是理科生很搞不懂班里一些选物化生的同学就很看不起学政治的跪了不是很懂我感觉每个学科只有适合不适合没有所谓的简单和难都是分人的跪了天天拉踩政治说政治好学来体现自己选纯理的优越感太开心全文,0
62,4627084669878456,文科生太多会影响国家发展吗看到这个话题就感觉怕不是得了什么大病就和语文无用一个道理拜拜拜拜拜拜,-1
63,4627085189972731,文科生太多会影响国家发展吗这个热搜饭吃多了会撑倒是真的,-1
64,4627085191285090,文科生太多会影响国家发展吗震惊啥叫文科生太多啊选文选理不是个人兴趣吗这也要开始计划数量了哆啦梦害怕,-1
65,4627085203871594,文科生太多会影响国家发展吗在我这个理科生看来这和男女对立一样又是一个引发一半中国人对立的话题,-1
66,4627085614124687,文科生太多会影响国家发展吗看到这个标题我的脑子一瞬间弹出一堆这句话有多离谱啊都什么年代了还搞这种言论,-1
67,4627086013106221,文科生太多会影响国家发展吗央行工作论文称应全面放开和鼓励生育教育确实不是拿来弥补人口下滑的方法教育只是提高国民素质难不成要回到国民时代的素养就如同老说读书不是赚大钱一样我们金融界到现在没有形成一个自己制度下的职业素养烂的不行,-1
68,4627086415761356,文科生太多会影响国家发展吗这种言论就是典型的人不行怪路不平我国目前发展的困境是不是房价和金融多少科研公司因为投资回报率低和投资回收期长而导致无人投资写这论文的心里没点数往小了说去超商日化用品国内品牌有几个这是文理科的事吗我们国家从来不缺理科生缺的是发展理科的社会环全文,-1
69,4627086574093099,文科生太多会影响国家发展吗太过离谱说的好像从古至今文科生不但没有促进国家发展反而脱累了国家的发展回首历史变法改革带来过多少繁华盛世儒家思想教化了多少民众稳定社会如果你背后想表达的是官僚群体过于庞大会像宋朝那样拖累国家发展那就别遮遮掩掩的说文科生我们国家的那全文,-1
70,4627086734787973,文科生太多会影响国家发展吗这话题多少沾点没喝个十斤八杯日本核水说不出这话可爱,-1
71,4627087460144244,文科生太多会影响国家发展吗问出这句话的人已经抱有文科生没用文科生阻碍社会发展的先有立场了这难道不是有些无聊的人全凭主观故意自觉地进攻性地在制造文科生和发展滞后这两者之间本无任何迹象的虚假相关吗这种虚无的自洽确定不需要接受回炉重造吗吃瓜吃瓜吃瓜吃瓜全文,-1
72,4627087783100975,文科生太多会影响国家发展吗啊这看到这个新闻真的有点无语啊觉得讨论这个事情好没意义作为新高考囊括的地区虽然本人不是传统的文科生文理参半吧不过是历史生也算半个文科生了先说句大实话要不是本人物理太差劲我当然选择去当理科生不是因为文科不好纯属因为选择专业的范围广我全文,-1
73,4627088529949891,文科生太多会影响国家发展吗这就是重庆理科上线人数比文科多倍多的原因那你把每个学校的社会科学专业都取消了好不好考什么古什么优秀传统文化谁给你传承新时代的发展就应该全员工业化呗毁灭算了古代真好嘻嘻,-1
74,4627088567442440,月日晚广西玉林市兴业县山心镇高田村发生一起重大刑事案犯罪嫌疑人潘某海因感情纠纷持刀杀害人其中人为一家四口潘某海当晚被抓获文科生太多会影响国家发展吗粉丝寄给丁真的书堆成小山强哥每日资讯的微博视频,0
75,4627088620917054,文科生太多会影响国家发展吗看过三体吗自然科学和社会科学要同步发展,-1
76,4627088852916163,文科生太多会影响国家发展吗我是先在今日头条上看了这个话题的讨论上边大部分是在说文科生多么多么不好文科生太多如何如何说得我作为一个文科生都快自卑了我以为全网都是这个观点呢毕竟是央行发出来的报告结果微博一看讨论还挺激烈没有一股脑顺从我这才相信原来人们对文科还是全文,-1
77,4627091352193970,文科生太多会影响国家发展吗确实是学不进理科很努力了都没用从小学开始就学数学学的很吃力那活该文科生就是给理科生打工的呗顶顶顶现实中好多数学好的瞧不起英语好的结果自己英语一塌糊涂一样是分谁比谁高贵了数学好不是你英语课拿着份试卷睡觉的理由摊手还有这种言论怎么全文,-1
78,4627091519446091,文科生太多会影响国家发展吗什么年代了还搞文理对立央行你就这么闲作揖拜托文科已经很难了升学率低工资低找工作难还要受人歧视就这样还要重理轻文拜托我们文科生只想坚持自己的爱好作揖作揖作揖,-1
79,4627093893940570,文科生太多会影响国家发展吗选政史地并准备学小语种的广东高考考生现在特别想哭对了我特想跟某些说文科不就是死记硬背吗的理科生说一句满分分的政治主观题你就算把你背的那些东西全写答题卡上也只能拿分哦太开心,-1
80,4627094833731347,文科生太多会影响国家发展吗儒以文乱法侠以武犯禁越是太平盛世越不待见这两种人,-1
81,4627094841329277,文科生太多会影响国家发展吗要不要看看上面那几位学科背景都是啥现在高中生也不分科了笑哈哈,-1
82,4627095466809408,文科生太多会影响国家发展吗好家伙文理对立男女对立家庭与教师这几个雷一踩一个坑写这个文章的人怕不是在女拳男拳班都进修过吧这么精准踩雷拜拜拜拜,-1
83,4627095931586667,文科生太多会影响国家发展吗这什么烂问题显然文科生太多理科生太多都不行啊针对谁呢,-1
84,4627097027093794,文科生太多会影响国家发展吗明天要去面试今天却看了半天这个话题我真羡慕现在高考改革了大家可以在史地政物化生任选三科了我喜欢物理地理可当初没给我机会让我选啊所以文科生太多是文科生本身的问题吗为什么都在指责文科生群体而不是去分析去寻找人才培养方案的问题呢我理解任何制全文,-1
85,4627097580216426,善用兵者隐其形有而示之以无文科生太多会影响国家发展吗王老师的咖啡,0
86,4627097668553547,文科生太多会影响国家发展吗文科理科既然是两个科那就有不同的方向众所周知理科负责发展科技提高生产力文科负责分蛋糕控制媒体整个社会的舆论走向觉得文科太多可是人上人的孩子就爱学文科是为什么呢贱民学文科是想干嘛想搞大新闻下一部想干什么我想都不敢想了,-1
87,4627097765020866,文科生太多会影响国家发展吗搞笑我这个岁的理工男还能转成文艺男吗,-1
88,4627097945380128,文科生太多会影响国家发展吗文理分家本来就蠢,-1
89,4627098562201351,文科生太多会影响国家发展吗滚尼玛币的现在理科生比文科生都多我真的庆幸我选的文我选文我骄傲,-1
90,4627099341558786,文科生太多会影响国家发展吗救命啊这什么令人窒息的论题真的是连吐槽都懒得吐槽汗,-1
91,4627099686802240,文科生太多会影响国家发展吗高铁抽烟还辱骂撕扯乘警不起诉该处罚的不处罚人工降格处理就是为民办实事儿,0
92,4627099958386485,这个化学老师好赞啊赞赞赞文科生太多会影响国家发展吗理科老师也很暖心啊暖男化学老师我是归止的微博视频,0
93,4627100366275823,文科生太多会影响国家发展吗建议从本届高考起直接淘汰所有文科生并于次年起取消文科太开心既然这么不待见文科干嘛还要设文科选择太开心直接全民理科不就完了吗太开心,-1
94,4627101036316142,即使科学暂时无法到达的地方文明还会到达文科生太多会影响国家发展吗,-1
95,4627101653147190,文科生太多会影响国家发展吗真的是离谱现在理科生不比文科生多几倍吗就我们学校文理比例文科生怎么就影响国家发展了疑问文科生本来就经常被人歧视升学率没理科高工作不好找现在还直接不需要了凭什么一定要学理费解干脆你们去学校把文科生都给灭了吧可怜可怜,-1
96,4627101708453186,文科生太多会影响国家发展吗所以说我想跨考历史就是个很疯批的想法就这大环境更多是只能作为爱好兴趣去追寻当然撇掉功利追求我还是更喜欢历史,-1
97,4627101770324671,文科生太多会影响国家发展吗钱伟长的论文没有参考文献最近的两大热点使我联想起当年钱伟长因为不服文科生蒋南翔的管理而被划为右派的故事,-1
98,4627102055534204,文科生太多会影响国家发展吗央行要是闲得慌给我发钱就行不用搞这些有的没的摊手烟台烟台大学文经学院,-1
99,4627102827548024,我理解科技强国科技强国但是看着这个话题文科生太多会影响国家发展吗就是难过在学校面对歧视出了学校还要面对歧视这我都接受毕竟太平盛世不需要你文科生去思想启迪去思想解放去针砭时弊但是也不要忘了没有文科生就没有今天啊孔子韩非子马克思恩格斯没有他们就没有今全文,-1
100,4627103365202962,文科生太多会影响国家发展吗有这个想法的人莫不是九漏鱼怎么现在文科生很多吗知道每年高考的时候文理科达线率和录取人数差多少吗知道有些省份的文科生拼死拼活考到分却填不到一个稍微好点的学校吗,
101,4627103889233778,文科生太多会影响国家发展吗看现在高考政策慢慢变化我相信未来没有文理之分文科和理科兼备的人思想境界就不一样多点角度看世界总是好的对自己好也能对他人有好处,
102,4627104937282563,文科生太多会影响国家发展吗走开吧真无聊文科生又得罪你了,
103,4627105050265277,文科生太多会影响国家发展吗如果你嘻嘻累了可以止步看夕阳人生路上我陪你流浪,
104,4627106476067412,文科生太多会影响国家发展吗就很离谱今天刚听的讲座结合实事,
105,4627106597969986,近年来随着现代社会快速发展高强度人类活动持续干扰加之其他各种影响因素土壤质量下降趋势有所加剧已严重影响土壤的生态环境质量严重制约土壤生产力使现代农业的可持续发展面临严峻的挑战生物炭以其特殊的性质及环境生态效应日益成为众多学科研究的前沿热点特别是其在土壤改良方面有较大全文,
106,4627106854077020,讲个笑话马克思主义是理科旺柴文科生太多会影响国家发展吗,
107,4627107449149475,文科生太多会影响国家发展吗感觉太荒谬了难道理科生以后都会成为国家的栋梁吗用文理科来衡量一个人对于国家是否有用本质上就是社达的思想在作祟,
108,4627107520710381,文科生太多会影响国家发展吗本文科生实在无语疑M解说文科生太多的那个就是有病这个社会上要是没有人文学科的话就会失去人文气息和人文关怀谁也不想这个社会就是冷冰冰的没有温度吧甭管是文科生还是理科生能对国家对社会有贡献的就是好的栋梁啊非要说文科生太多阻碍社会发展那全文,
109,4627109098557801,文科生太多会影响国家发展吗我真的不想和文科生搞敌对也不想瞧不起文科生只是我是理科生家男人文科生妈的家里啥坏了只有一个解决途径扔水壶螺丝掉了是我找了不用的锅盖拧下来一个螺丝按在水壶上修好的家里装修从找装修公司到买材料软装都是我在做那位一问三不知靠有人理解全文,
110,4627109177726894,文科生太多会影响国家发展吗理科里面的天才从国家角度看是看比例的一般来说越优秀的人才比例越低分子分母这里的比例是很难改变的想要更多的分子成为优秀的领军人物那么势必需要更大的理科生基数学生群体也是有限的自然文科生多了理科生基数变小高精尖人才数量也会全文,
111,4627109396349833,文科生太多会影响国家发展吗没想到现在还有这种脑瘫言论呢气的我马上把电脑打开来打字骂人首先阐明我的观点文理之间并非泾渭分明文理都是社会不可或缺其二我来说说文科无用论理科生多了难道人人皆是爱因斯坦牛顿啦全世界都是理科生世界科技就突飞猛进啦科学技术是第一生产力是没全文,
112,4627110805114079,文科生太多会影响国家发展吗文科生和理科生不是一对矛盾的概念呀也不是非此即彼同时存在各自美丽每一个身份都有存在的意义存在即合理无论是文科还是理科都在彼此的位置上努力发着光都在为国家发展做贡献之所以出现这种观点是因为潜意识里我们认为国家发展最直接最根本全文,
113,4627111542785304,文科生太多会影响国家发展吗文科生大多选择的方向教育金融法律是哪一个拖后腿了黑线,
114,4627111980040545,文科生太多会影响国家发展吗文科生招谁惹谁了跪了,
115,4627112747598777,文科生太多会影响国家发展吗这个问题的出现本身就代表文科尤其是社会科学的孱弱和缺失你需要证明拉美国家国家真的是文科生数量大于理科生你需要证明文科生太多与拉美国家步入中等收入晓陷阱成正相关这种陷害式的结论是个人都能来一个我还说拉美先入中等收入陷阱的原因是男人太多,
116,4627114466478166,为了实现核战争背景下的游击战阿尔巴尼亚曾大兴全国掩体化工程这场景堪称魔幻开挂人生的微博视频文科生太多会影响国家发展吗西安,
117,4627115082783276,文科生太多会影响国家发展吗哦所以这就是每年文理科高考录取分数相差如此之大的原因,
118,4627115381887850,文科生太多会影响国家发展吗对个人来说学理科不灵光的话不学文科更没前途啊啊,
119,4627115695408571,文科生太多会影响国家发展吗文科生太多了吗现在选科的为了大学能报好点的大学都自己按头选理了我觉得这都不用考虑了,
120,4627116010505137,文科生太多会影响国家发展吗看看这个里面热门都是什么多看几遍就会你咋不上天啊理科是难所以文科就一定简单拜托高傲的理科生以后离文科生远一点,
121,4627116039079544,文科生太多会影响国家发展吗好好笑中国近代器物到思想的变革失败是都忘了吗启蒙运动直接促进了法国大革命和美国独立战争都没学过是吗中国五千年文化多少是文科范畴新中国成立前后的领导班子多少是文科生心里没点数吗只会哔哔赖赖文科生这不好那不好我看整天歧视文科生这群人活着就全文,
122,4627116471357644,文科生太多会影响国家发展吗以前我还会据理力争一下啊巴拉巴拉文科生很重要因为文科生的价值本来就不像理科好量化而量化本来就是基于理科的观念现在的我你说的对得嘞那我去死吧您老好好活着打,
123,4627117566856221,文科生太多会影响国家发展吗不赞同文科生没脑子理科生工具人的言论一个国家难道不是应该文化和科技一起发展一个人不是应该物质生活精神生活同样富裕吗为什么要片面处刑文科生,
124,4627118192068134,文科生太多会影响国家发展吗虽然我是理科生但是文科真的很重要文科的思维和眼界是单纯研究理科无法获得的也是无法割舍的,
125,4627118308983999,文科生太多会影响国家发展吗文科和人文教育完全不是一个概念好吗连这都混淆着就无脑捧高文科是怕文科名声还不够臭波普尔棺材板怕不是都压不住了跪了跪了跪了跪了,
126,4627118388940900,文科生太多会影响国家发展吗看了很多天这个话题了很想说些有的没的很多人普通人自己的生活一塌糊涂但还总是喜欢张口闭口家国大事摆在前面我一直认为做一个真正的文科生是幸福的因为做文科生会比理科生有更大的意识和几率爱上看书而爱上看书真的是一个人一辈子的幸福书让人活得全文,
127,4627118473090452,文科生太多会影响国家发展吗文科生怎么了凭什么看不起文科生为什么要挑起文理对立文理科本来就是相辅相成的啊一个是经济基础一个是上层建筑骂文科生的也是没脑子文科生招你惹你了学文怎么了中国那么多典籍诗词那么多令人深省的历史事件不值得学吗,
128,4627118774289573,文科生太多会影响国家发展吗社会的冷漠也正是由于理科生过多好比今天的中国人与人之间的冷漠以及一些人病态般的想法也是由于没有接受到良好的文科教育文科教育是温暖的有人情味儿的文科教育不是死记硬背是自己的理解思考首先咱们国家文科生不多其次东南亚国家没有发展起来是有社会历史全文,
129,4627119742911398,文科生太多会影响国家发展吗文科生吃你家饭了吗好像有那个大病,
130,4627120393292276,文科生太多会影响国家发展吗文科生惹到你了还是吃你家饭了艾斯比养乐多,
131,4627120627651822,文科生太多会影响国家发展吗我说国家政府领导从事党职业的不都是应该选政治当文科状元选文的吗,
132,4627123002148785,日本的流浪猫躺在马路上睡觉等待人们来投食流浪猫文科生太多会影响国家发展吗我的微博全是猫的微博视频,
133,4627124252054476,文科生太多会影响国家发展吗请问文科生哪里多我们年级一共十二个班就三个是全文班还有一个是历生地文科生中也有很多努力的人很多人的物理并不比理科班的差同样我也并不认为我们以后就一定比理科生过得差选文科对于我来说不是理科不好的退路而是热爱影响国家发展的不是文科是偏见是歧全文,
134,4627124629539259,文科生太多会影响国家发展吗说这种话的好像有那个大病首先跟理科生相比文科生本来也不多其次有文科生这个群体足以证明文科必不可少也具备投入精力去研究的价值最后影响国家发展的永远不可能简单地归结于理科生或文科生这样的群体影响国家发展的永远只有无所事事的废物能全文,
135,4627124751438533,文科生太多会影响国家发展吗论文的主题明明是我国将失去人口红利进入老龄化少子化阶段要促进和大力鼓励生育营销号就抓住文中提到的历史上人口转型不成功的国家的原因搞出一个文理对立面来如今其他国家都在围剿中国不说帮点忙吧至少不给咱们国家添乱吧现在的媒体真的是打各种对立全文,
136,4627125585316019,文科生太多会影响国家发展吗科学和人文一定是走在一起的科学技术的运用要保证用者之心是善科学的光辉一定需要人文去浇灌,
137,4627139606874838,文科生太多会影响国家发展吗这里的文科生是指大学专业里文科专业毕业的学生吧为啥就高中文理分科的事吵了起来还有这个论文也写的呀犯了因果颠倒的错误是东南亚国家掉入中等收入陷阱导致制造业不够发达随之而来的就是为其配套的文史类专业就业面缩窄表现出来的状况就是文科生太多全文,
138,4627140869884241,文科生太多会影响国家发展吗今日之文理相当于古代之文武以史为镜重文轻武的宋积贫积弱大厦将颓英雄惨死或是重武轻文的元穷兵黩武开拓疆土却因无文人治国轻易就被推翻任何时代对一方重视对另一方偏见都会影响国力发展本就应该平衡发展相辅相成如果一方非要倾轧排挤另一全文,
139,4627140995712529,文科生太多会影响国家发展吗请问鲁迅先生弃医从文是为了阻碍国家发展吗疑问,
140,4627141855545699,文科生太多会影响国家发展吗这这有毛病吧这让我们文科生怎么活啊疑问疑问疑问疑问疑问提这问题的人才会影响国家发展吧疑问疑问,
141,4627142070240315,文科生太多会影响国家发展吗如果我有罪请直接制裁我不要因为我学的是文科就贬低我我爱文科我有错吗微笑,
142,4627142073910958,文科生太多会影响国家发展吗不止影响发展还会加大亡国风险会存在鸦片战争抗日战争从某种角度来看不就是因为国内全是文科生吗,
143,4627143953481957,文科生太多会影响国家发展吗毁灭吧还学啥文化学啥历史政治地理呀是吧可爱没想到世纪了连基本的学科都要到被歧视的地步了,
144,4627144824587601,文科生太多会影响国家发展吗搞对立有一手二战德国应该找你们啊笑哈哈笑哈哈笑哈哈,
145,4627145303263147,文科生太多会影响国家发展吗担心被国家抛弃硕士赶紧转理搞数据去了欧吐,
146,4627147970838944,文科生太多会影响国家发展吗肯定是的当然需要重新定义文科生对逻辑数理要求较高的专业比如法律金融会计都不是文科生严格意义的文科生是文史类这样的人真的不需要太多中东之春就是这样的大学生太多以至于毕业没事干在街上摆摊引发的西藏现在同样存在这个问题太多佛学院,
147,4627148910100617,文科生太多会影响国家发展吗还是要重视文科啊我是理科生现在大学了历史政治地理啥的真的只知道皮毛但是也没什么想学的欲望了也就只是看看博物馆地图新闻什么的了解下我们高中政治老师就说过政治思想教育是必不可少的有些理科生搞科研技术的如果他不爱国没有祖国信念那就是在给国全文,
148,4627149815809215,文科生太多会影响国家发展吗谁出版的新青年谁写的资本论谁说的学医救不了中国人谁领导的红军谁推翻的帝国主义那些伟人看见这话题要被气活了都别忘了本什么想的这话题,
149,4627150550336397,文科生太多会影响国家发展吗哪里来的数据说文科生太多什么太多连多都称不上的好吧徐州,
150,4627150965572404,文科生太多会影响国家发展吗重理轻文了那么多年还在嫌文科生太多理工科不够受重视不觉得矛盾吗,
151,4627153247798471,文科生太多会影响国家发展吗你现在就把文科生高考取消了舔屏快快微笑我就不用念书了呵呵,
152,4627156241482299,文科生太多会影响国家发展吗怎么的把我们文科生都坑了呗别耽误你治疗脑积水,
153,4627160940151469,对于文科生太多会影响国家发展吗我上午的言论最好的论述就那句话和文理科没关系人牛逼的话做什么都牛理科想学也不会多难历史上先学理后从文的名人那可是少之又少文理科不过是过渡应试向社会教育的一个玩意罢了生出优越感就是脑子有病,
154,4627162429391353,文科生太多会影响国家发展吗在制造业待久了会发现某些工程师写论文和科研课题的时候一堆错别字全靠文科生修改凡事没有绝对政治这一学科也是属于文科呢高考理科生也不用考的但考研需要然后绝对找不到一所中学在文理分科的年代文科班比理科班多也不会有文科分数线比理科分数全文,
155,4627171358539884,文科生太多会影响国家发展吗文明没有预定方向人类想发展啥样都比之前复杂都叫发展如宗教文艺科技因社会成员的时间资源有限不同投入分配就决定发展方向史上同一文明不同阶段也发展不同方面如北宋大中祥符年间全力发展宗教造成社会衰落元明等发展军事也造成由盛转衰在某时代内全全文,
156,4627176432861652,文科生太多会影响国家发展吗东南亚国家掉入中等收入陷阱原因这是要干什么架空文科生然后把理科生卷死费解刚刚被工程学生嘲讽你们学计算机的有什么用啊工程也会写码还会我们才是栋梁之材作揖下一步是不是普通人太多不好地面上就剩几个搞科研的就好啦赞,
157,4627177839264002,文科生太多会影响国家发展吗那你把垃圾专业都撤掉可爱是你能管的事儿吗没醒呢吧可爱可爱可爱麻烦把旅游管理这种非文非理专业撤销谢谢可爱可爱可爱,
158,4627180627427697,文科生太多会影响国家发展吗没有人能标准定义出文科生怕中产收入陷阱可以把服务业工资砍砍把制造业福利提提油腻再现,
159,4627202471101030,文科生太多会影响国家发展吗没用的不是文科生也不是理科生而是文理科顶端人才资源的稀缺,
160,4627204359586089,文科生太多会影响国家发展吗且不说这个原因是假的就算这个原因是真的难道不应该归咎于学校的招生分配以及国家对此的许可吗他们降低一下文科专业的招生名额提高下理工类对高中文科的录取不就没问题了摊手摊手东南亚国家掉入中等收入陷阱原因,
161,4627240980317346,文科生太多会影响国家发展吗刘德华经典歌曲假装现场版经典回顾百看不厌歆娱乐的微博视频,
162,4627241033533911,文科生太多会影响国家发展吗是不是我对你的掏心掏肺在你眼里一文不值我把你当做闺蜜在你眼太开心里我却什么都不是连我生日一声祝福也没有,
163,4627242346348715,文科生太多会影响国家发展吗接上东南亚国家掉入中等收入陷阱这句话原文在最后一张的倒数第四行看完之后本文科生很生气真的微笑,
164,4627242641262018,文科生太多会影响国家发展吗全文没看只看了大家争议最热烈的部分在文科生太多这句前面还有一句要重视母亲和少儿教育其中母亲下面给了注解爹戳戳一个娘戳戳一窝在计划生育期间不好意思娘也戳一个在放开生育的现在不好意思养不起两个娘还是戳一个难以想全文,
165,4627243491919540,中国加速推进数字货币应用外媒称人民币可能会改变一切西班牙经济学家报网站月日刊文称数字人民币正在发展中国人民银行正开始将这种数字货币少量分配到几个城市从而成为第一个分配公共数字货币的主要央行一些专家强调它可能对加密货币美元在货币体系中的主要地位造成冲击全文,
166,4627244691753974,文科生太多会影响国家发展吗不管你愿不愿意听理科生是舶来品我们之前的科举哪里有理科生文科是关于人本身的理科是关于物的近两百年来西方人专注于物的研究带动了全人类的飞速发展精神是物质所派生的所以治物在前光新星潮流生活,
167,4627244842746609,化小人符的用途和功效小人作奸犯科不能近从而保身平安工作事业如意使小人事非急退人缘关系改善适合事业遇小人排挤刁难生意场上遇小人陷害或生活中遇小人纠缠或是遇到谗言诽谤的缘主职场同事发脾气该不该回怼文科生太多会影响国家发展吗,
168,4627245949521547,文科生太多会影响国家发展吗我来类比仿写你们看看对不对人类中的各种教育测试面试甚至以后找工作的笔试面试筛选简历不管是因为不符合条件还是因为城市不匹配这些原因只要没有通过变成人上人一律灭绝他们的基因有问题他们不可以生后代看看一些坏人如果某个国家有罪犯全文,
169,4627246331462268,文科生太多会影响国家发展吗文科生太多不会脑残太多会,
170,4627246511556979,文科生太多会影响国家发展吗操什么心呢老鼠人们网络上激情慷慨评国论政现实是你老板过来了你得赶紧息屏装孙子,
171,4627247845605856,文科生太多会影响国家发展吗玩意文科生太少的确会影响国家发展文科生太多根本不可能好吧国家控制着文理人数呢黑线这个话题是不是有病哈一个国家文科理科都要各有方向的发展才是正常的过于偏重哪一个都是不对的,
172,4627251549964096,文科生太多会影响国家发展吗什么时候文科生有这么大影响力了提出这个话题的人还不如直接说学文科的人不合适进入权利中心不适合参与国家管理政策制定等何必这样隐晦呢,
173,4627252610073091,文科生太多会影响国家发展吗这个话题绝了比搞性别对立还有话题性古代说误国的是红颜祸水流量明星出来后又说戏子误国现在直接文科生误国了嚯嚯,
174,4627253952250822,文科生太多会影响国家发展吗本人高一面临选科想说自己的能力兴趣才是正道文理科都可以为国家发展做出贡献没必要挑起这方面的对立有的人觉得理科实验很有意思有的人喜欢历史和政治这很正常你学的东西和别人学的东西有着同等重要的价值谁都没有比谁高贵喷子自重,
175,4627254095120636,文科生太多会影响国家发展吗央行东南亚国家掉入中等收入陷阱原因之一是文科生太多哈哈哈哈哈哈央行剑走偏锋啊一剑刺向生育政策一剑刺向教育文理分科但好象和你自己管好钱袋子没啥关系呀哈哈哈哈哈哈,
176,4627254690189579,文科生太多会影响国家发展吗国家在大力构建文化强国坚持文化自信却有人打文科生的脸我国难道不是需要更多有正确价值观的文科生来防止外来文化入侵吗这种文章怎么发出来的,
177,4627255583835162,文科生太多会影响国家发展吗放屁不能把错归咎于文科生文科生影响国家产业发展的这种谬论最大的原因应该是教育结构与国家产业不匹配东南亚有一些国家本身就是欧洲某些国家的殖民地文科的范围很广应用领域很大通俗的说殖民者就是怕被殖民者学到一些不应该学的理论造反殖民地教育注重同化教全文,
178,4627256276156897,文科生太多会影响国家发展吗鼓掌,
179,4627256615370794,文科生太多会影响国家发展吗三年前我写了一篇文理科的小文阅读量万被骂惨了允悲现在转出来想看看大家现在的态度,
180,4627259467763836,文科生太多会影响国家发展吗任何不尊重人文科学的民族最后都会走向覆灭,
181,4627260352497417,文科生太多会影响国家发展吗很多时候影响国家发展不是正因为没有人文精神造成的么喵喵顶富阶层更加不仁各方面的自由无法进一步提升法治和社会公平正义的观念无法推行万事唯利官商勾结食利阶层横行你不能说理科生多就能给中等陷阱找到出路理科生多就创新多了社会就能进步全文,
182,4627268871652435,文科生太多会影响国家发展吗在文化输出和国际舆论斗争中一败涂地你们居然开始嫌弃文科生太多了,
183,4627270112641030,文科生太多会影响国家发展吗单说一句重视理工科也就算了有必要还要拉踩一下文科吗还原因是文科生太多我他妈真是笑死现在论文创新论点是不容易也不是让你有个键盘就从那瞎敲的还是说以前那些说文科生没用自以为自己学了理科就多了不起的理科们长大了吗,
184,4627270197575960,文科生太多会影响国家发展吗不重视文科很多很多很多年后被西方文化领域掏空后人们自然会着急的让我想起觉醒年代新文化运动新青年报刊那都是文人的功劳当然当年理科生都在做研究为国家发展而不是今天像你们在网上比比赖赖纸上谈兵,
185,4627270248170000,文科生太多会影响国家发展吗好像有那个大病呀理科线那么低招进去的也不是人才呀疑问疑问,
186,4627270306892681,文科生太多会影响国家发展吗中国生育率和人口持续下跌的原因就是因为要求无论陆生水生生物都必须在陆地上水里同时能占据高生态位国家发展和什么科什么关系明明是自己教育制度没搞好大家都努力想让自己未来好一点适应自己的能力和环境去选的科结果还被人看成是拖累哦国家有美好的未全文,
187,4627272830551184,文科生太多会影响国家发展吗你们只要把那些理科生的话换成当今中美对抗的时候美国对中国常说的中国的一系列行为怎么怎么样美国的一系列行为怎么怎么样就不难发现那帮人其实跟美国的红脖子或党没区别你这上就是换了皮的歧视主义者,
188,4627274052142574,文科生太多会影响国家发展吗这是一个神奇的问题文科生太多这个话题很像是古代文人误国的说法一样有点瞎扯,
189,4627274202091013,文科生太多会影响国家发展吗我从来不会因为学语言而后悔,
190,4627275100457456,文科生太多会影响国家发展吗妈呀我看了这个话题下的发言之后就一个感觉文科生挖你家祖坟了吓死人了医学是文科管理学是文科法学是文科师范是文科经济学是文科艺术生是文科所以这些人都没用这些人不仅没用还影响了国家发展这些人没有对国家做贡献还误国这个消全文,
191,4627275364436148,文科生太多会影响国家发展吗我不知道到底是怎么了我是这届新高考的历史类学生也被大家称为偏文类我本来以为四选二之后文理对立这样的说法是会少的本来院校招生对我们就是不友好的划线也不一样特别是我身边想学医选择历化生的同学我们真的觉得已经很不公平了我们不应该还在这里说全文,
192,4627275422632210,文科生太多会影响国家发展吗我在某热门微博下看见有人评论让我们不要学没用的政治和历史我看见这个评论我不禁笑出声认知在倒退吗,
193,4627275649648187,文科生太多会影响国家发展吗这话题好像有那个大病看起来像只知文理二科的高中生起的且提出该命题缺乏调查数据调查方式事实支撑论证这就是理科生吗不负责任的提出一个伪命题并且也不了解高等教育学科的建构按这样分化划界以后是不是一级学科下面的二级学科之间也要斗一斗啦摊手,
194,4627275930665200,文科生太多会影响国家发展吗这什么话题啊不是九漏鱼都说不出这话是不是有那个大病,
195,4627276505548361,文科生太多会影响国家发展吗这他妈是看不起文科生拜拜,
196,4627276517606200,文科生太多会影响国家发展吗这种问题还能被拿出来讨论说明文科生还是太少了,
197,4627276987369083,事业单位科研人员发放现金奖励将不受限事业单位职工注意最新政策来了事关你收入奖励晋升近期事业单位的职工迎来一大波利好消息事关奖励晋升一起来看看吧文科生太多会影响国家发展吗,
198,4627277264718810,我们经常在说变现到底什么才叫变现一开始我以为是一定要变成钱研究了一段时间的养老才发现一个关键的问题只有钱的确没有办法维持一个体面的老年生活你必须把这些钱变成实实在在的劳动力才能切实的改善自己的生活其它诸如权力影响力等等最终都会在这里变现不过因为现金流全文,
199,4627278514882319,文科生太多会影响国家发展吗我还真不知道文科生还能叫太多我倒真想看看把文科废了那些所谓文科简单没必要专门设科的理工科人上人怎么顺便学了越是往上学越会发觉自己的浅薄普通且自信无知且自大有时候不理解为什么文科生往往能理解理科的重要而理科生却看不到文科的美丽很多文科生全文,
200,4627278590380196,文科生太多会影响国家发展吗对不起林被拖国家后腿了林被影响中华民族的伟大复兴了厦门,
201,4627278862748115,文科生太多会影响国家发展吗这是央行该管的吗什么年代了还有文理科歧视吗可怜,
202,4627279441560291,文科生太多会影响国家发展吗要是真的闲得慌可以去挑挑村口大芬,
203,4627283388401152,一个好的理科生文科不会差不然审题都困难逻辑都讲不清楚一个文科生却会用各种狡辩掩饰他的理科逻辑漏洞文科生太多会影响国家发展吗,
204,4627287204430647,文科生太多会影响国家发展吗今天见着哦一个什么飞网象立刚算是看见了人文素养的下限,
205,4627287217279739,文科生太多会影响国家发展吗看到这个话题尤其是里面的发言我就觉得不是文科生太多了是文科生太少了,
206,4627287435381807,文科生太多会影响国家发展吗难道不是因为理科生贡献率太低,
207,4627287926375912,文科生太多会影响国家发展吗只要人不是机器就需要人文科学领域的研究和进步,
208,4627288702322624,文科生太多会影响国家发展吗怎么敢说的汗你有理论依据吗你有相关引用数据支持吗这句因果关系是你自己空想的晕,
209,4627289486134890,文科生太多会影响国家发展吗我可以成为一块砖前提是我选择成为一块砖,
210,4627289738053288,文科生太多会影响国家发展吗人又没说过文科生会影响国家发展人说的是过多其实可以反过来说就更好了理科生过少会影响国家发展因为缺技术人员,
211,4627289944098686,文科生太多会影响国家发展吗什么时候了还在歧视文科生费解每年文科生都不多文理一样会给国家做贡献,
212,4627291114569990,文科生太多会影响国家发展吗哈哈哈哈笑死了是不是有人觉得国家文科生和理科生不能共存不管读书读的什么科什么专业最后为社会怎么贡献力量不还是取决于自己的职业行业吗术业有专攻忘了确实科技发展重要很重要对世界上任何一个国家和地区来说都很重要但是对于中国来说发展的含义不全文,
213,4627291534262786,文科生太多会影响国家发展吗首先我说一句不会其次搞这种话题的人其心可诛,
214,4627292376009927,文科生太多会影响国家发展吗文科是人文科学理科是自然科学一个是心脏一个是大脑现在就出现了科目歧视就等于你觉得你没心脏行还是没脑子行在学校就有理科生歧视文科生的说这题看看就会最后不也是一道也做不出吗一分拿不到嘛怎么文科生不会做理科题就成了被嘲讽的理由了有什么优越感全文,
215,4627292582580380,哎呀我滴妈呀真的邋遢呀允悲允悲允悲铲屎官文科生太多会影响国家发展吗,
216,4627294913562872,文科生太多会影响国家发展吗我本科理科研究生文科的人怎么办哦二哈人文素质培养真不是脑袋一拍就能出来的但是这篇狗屁不通的论文脑袋一拍就出来了这从哪引得文献没有论证就出结果了,
217,4627295119085792,文科生太多会影响国家发展吗都疯了吗居然有这样的讨论难道不是我们的文科生已经是太少太少了现在人文社科艺术都是什么水平啊敢说这话简直是无知至极不知羞,
218,4627295443093375,刚去中国知网查询了下靠红楼梦毕业了好几千文科研究生什么刘姥姥与贾母语言特点分析啥的都可以是毕业论文允悲,
219,4627295995695584,文科生太多会影响国家发展吗我一理科生觉得这种想法好奇怪文理应该是相辅相成的人们没有人文素养这个国家能发展好吗,
220,4627296370297254,若大陆攻台美国会否采取军事行动美国务卿拒绝正面回答海峡新干线文科生太多会影响国家发展吗西安开挂人生的微博视频,
221,4627300170073568,文科生太多会影响国家发展吗中华文化年理科从什么时候开始的以前科举都是文科中国停止发展了吗文科理科不可偏废哪一科多了影响国家发展我看就是个伪命题我是文科生影响国家发展的锅我不背,
222,4627301125850516,文科生太多会影响国家发展吗快马弯刀征服不了人心子曰诗云解决不了土地文科和理科是在不同领域优势互补的存在强国离不开理工治国离不开文化,
223,4627303289851088,文科生太多会影响国家发展吗撇开发展阶段讨论都是耍流氓就像发达国家的工业化历程离不开理工科但是越是发达国家的人精神世界越丰富也是真的我还是信物质决定意识意识是物质世界长期发展的产物并不简单理工科是基础推动达到物质条件后更会推动人文学科的发展包括哲史艺术金融学科全文,
224,4627304867693658,文科生太多会影响国家发展吗意思是要多生娃生理工娃真的绷不住了现在不是人均读理科吗什么叫重视理工教育文科不是最被瞧不起的人下人吗什么哲学历史政治法学别人不是读一两本书就都给他们懂完了吗,
225,4627305747976942,文科生太多会影响国家发展吗人应该有常识这句话一点错都没有人应该学好专业知识这句话也一点错都没有但就在昨天一个纯理科的朋友问我钱伟长是谁,
226,4627306595486476,文科生太多会影响国家发展吗我来翻译翻译厂子里工人不够了赶紧多生孩子进厂给我创造利益,
227,4627307195795615,文科生太多会影响国家发展吗中国的崛起不仅仅是在科技上强大还有几千年文化中不断的沉淀,
228,4627308026266014,文科生太多会影响国家发展吗拿东南亚举例不然去看一下欧洲发达国家文科生艺术生的占比,
229,4627308621858148,文科生太多会影响国家发展吗这个观点居然是央行提出来的多少有些感觉无奈其实现在最大的问题是大中专院校和技校的师资力量和毕业后的社会地位都太低了导致了很多年轻人挤破头去考大学考研考博而文科类专业师资肯定远低于理工科我是电信专业毕业的我们实验室里随便一个不起眼的教全文,
230,4627309246022232,文科生太多会影响国家发展吗这个话题怎么天天都在首页渣浪想故意制造对立文科专业本来就比理科专业少得多高考录取人数差距也很大还想怎样,
231,4627311545028353,文科生太多会影响国家发展吗人文精神重不重要心里没点数吗这个社会是人的社会不是机器和科技的社会再不重视迟早会反噬做个人吧看看现在当官的以前都学什么,
232,4627311955017809,文科生太多会影响国家发展吗这是什么奇怪的话题文科生都应该去搬砖疑问,
233,4627312148482747,文科生太多会影响国家发展吗理科会加速社会的前进文科会帮助我们定义社会的高度一个优秀的学者不应该是去制造矛盾而是应该去协调这两文学科合作共赢它不香吗一个没有几分诗人气的数学家永远成不了一个完全的数学家,
234,4627315777341286,烈火蚂蚁烈火蚂蚁哈哈最后一句绝杀有不为有不为最后一句嘲讽拉满,
235,4627320596070751,中国诗词的巅峰之美收藏赞文科生太多会影响国家发展吗千万不要放弃兴趣爱好,
236,4627321996185048,文科生太多会影响国家发展吗文科生没有足够的经费又没有人手把手教你做学问全靠自己他么悟性现在做研究有用就是你自己坐在桌前十年如一日地读书读书读书三坟五典十三经二十四史地记忆翻出里面大家没有研究过的东西来做点文章想发期刊两千年古今中外研究者成果全部内卷所以本来就是意识全文,
237,4627322857328153,白岩松谈学校课间十分钟鸦雀无声白岩松很多学校课间十分钟鸦雀无声除了喝水上厕所不许孩子们下楼因为要从安全等很多方面考虑请问连课间十分钟都很难走出教室的孩子能怎样支撑一个民族的健康文科生太多会影响国家发展吗小央视频的微博视频,
238,4627328098896271,文科生太多会影响国家发展吗我的天我笑死了这是什么谬论,
239,4627329651576849,美带多个同盟国参加会议台北市议员这是不是表示你美国不敢单挑呢文科生太多会影响国家发展吗西安网页链接,
240,4627329793658859,文科生太多会影响国家发展吗这就很莫名其妙现在不都高考改革了吗还在文理科呢社会要发展国家要强大既要培养文科好的理科生也要培养理科好的文科生这样才是实现社会主义现代化建设建设社会主义现代化强国最应该做的那些否定文科的人要记住中国有五千年文化需要去传承这其中文科全文,
241,4627330813657431,安防监控龙头即将迎来戴维斯双击公司做为世界第一的安防监控龙头拥有上下游较强的话语权可以占用上下游资金欧菲光被踢出苹果供应链给科技股敲响警钟科技公司最好选择甲方拥有定价权的企业公司经营出现拐点判断一家公司或者行业迎来拐点一般以两个季度的业绩从下滑转为全文,
242,4627332347988540,文科生太多会影响国家发展吗在人类历史上低级的原始的社会阶段一般都不需要文科知识只需要用理科知识开发工具获取食物进而繁衍后代类似现代的文科专业出现也是在具有较为稳定的国家形式出现后才得以发展所以嫌文科生多的人实在逆潮流而动吗另外我国很多伟大的领导者都是文科出身即便全文,
243,4627334001331029,文科生太多会影响国家发展吗在这个话题里面看到了这样一条评论把我恼的鲁迅先生为什么弃医从文这个问题能不能结合时代背景去想啊博主的回答显得自己的文化水平实在是不行是因为中国当时的处境让他从文他要唤醒中国人靠文字的力量去唤醒中国人唤醒中国从精神方面来说起到了很大的作用全文,
244,4627336479375750,文科生太多会影响国家发展吗赞这个就是个笑话哈哈哈哈哈哈哈哈哈哈哈哈,
245,4627337347599308,文科生太多会影响国家发展吗自由才是第一生产力科技不是年之前的苏联年之前的中国朝鲜再厉害的理科生再牛逼的科技也转化不成生产力只有还人民以自由的市场经济及产权保护才是驱动生产力的,
246,4627338144517771,文科生太多会影响国家发展吗有能耐就拿出行之有效的方法而不是这个那个的猜有什么证据显示调入中等收入陷阱的原因是文科生太多是你自己猜的还是瞎说的太扯淡了中国还不重视理工科教育吗过去改革开放的年中国理工科和文科的比例差不多是还不够多相反我觉得应该鼓励文全文,
247,4627341554487725,文科生太多会影响国家发展吗科技是个双刃剑科技的高速发展必然带来对人类的反噬,
248,4627347008128978,文科生太多会影响国家发展吗你以为我不想学理嘛是我根本学不懂啊委屈,
249,4627349851344494,文科生太多会影响国家发展吗为什么要强调文科生多而不是理科生少也就是说理科生数量并不少缺少的不是理工科学生而是自主创新能力罢了,
250,4627350279161215,文科生太多会影响国家发展吗文科不是没用没用的是你们这些语文都没学好的文科生就这阅读能力和表达能力的确做出了完美的证明你们的确拖了大家的后腿,
251,4627352150084737,文科生太多会影响国家发展吗前两天看到这个也觉得不服气今天看了原文里面也就提了一句并没有说文科生不好也有道理都用太多这个词了什么事过度了都不好吧我们也可以说理科生太多了也不好如果都是治人之人谁来干活我自己也得承认有时候就空谈有的文科专业玩一些文字全文,
252,4627353042947414,文科生太多会影响国家发展吗用文科生理科生的数量去解释中等收入陷阱这在全世界恐怕也是头一遭吧这权当是中国人文科学的另类创新吧吃瓜然而令人啼笑皆非的是这种由文科做出的推论本来已经够脑残了但那些对文科不满的人那些站在理工科角度批评文科和文科生的人居然不约而同地去赞全文,
253,4627353201806250,文科生太多会影响国家发展吗这就是一个伪命题既然已经太多了当然会影响同样也可以说理科生太多了也会影响社会发展所以以这种方式提出这个问题的人如果是一个理科生我可以断定他不是一个合格的理科生,
254,4627354603752729,我觉得这话题还要讲清楚目前讲得文科生多不是针对已经毕业的学生说他们的学历没用每个人自己在劳动力市场上价值多少钱自己心里都有数这话是讲给家长听的我们国家会大幅度的扩招高职要被逐步裁减的就是二三本的那些文科类专业是要有孩子的家长转变思维,
255,4627355601470889,文科生太多会影响国家发展吗我文科生招你惹你了怒,
256,4627360667927698,文科生太多会影响国家发展吗放什么狗臭屁文科生招你惹你了,
257,4627363734751247,我以前也认为文科生对国家用处很少坏处还不少所以认为还是理科生多点好我现在倾向于认为可能在国家比较落后的阶段文科生少一点理科生多一点更好但在现在及未来中国的文科生也很重要并且越来越重要未来大概率比理科生还要重要因为中国所取得的成就中国的经济实践中国全文,
258,4627363792687103,文科生太多会影响国家发展吗现在高中不是都不分文理了二三本学哲学外交确实没用根本找不到对口工作但是不上大学就等于没有敲门砖专业合适不合适都要念一个有多少人大学上的也很痛苦出来也找不到合适工作这些学生有什么错呢,
259,4627366054202868,文科生太多会影响国家发展吗能不能别一上来就扣这么大一口锅啊什么奇奇怪怪的逻辑啊,
260,4627370092794999,文科生太多会影响国家发展吗这个问题不要跑偏有错的从不是知识而是掌握知识的人知识分子从不是可以居高临下的群体以前不是今后也不可能是知识分子要摆正自己的位置,
261,4627370180609593,文科无用论和读书无用论一样无知且肤浅文科最显著的特征之一就是批判社会现实揭露丑恶如果朱门酒肉臭路有冻死骨的杜甫生活在现在肯定被网络爱国贼打成大公知我们的社会太过保守和敏感言论审查极其严格不允许批判和质疑甚至不允许发声需知批判往往隐藏着变革的潜在动力不过也可全文,
262,4627370923000615,文科生太多会影响国家发展吗会更加强富美高了,
263,4627371124850725,文科生太多会影响国家发展吗笑死看看每年文科生和理科生的比例吧理科生多文科生倍左右可能还要多大学里文科生能报的专业比理科生少一半就算了能选择的学校也少就这样还说文科生太多还上升国家怎么的文科生上辈子欠你的了文理都重要要不然为什么现在高考为什么模式居然提这种问题我全文,
264,4627374392477341,文科生太多会影响国家发展吗古代大多是都是文科生我也没见中国的文明停止发展么笑文理兼修它不香吗,
265,4627374748994294,文科生太多会影响国家发展吗生理心理学一再表明人的大脑是文理相通的总之文理是平等的没有高低贵贱之别与其说文科生影响了发展的话倒不如说是理科生影响了发展总之文科生太多会影响国家发展的说法既不专业更不可靠是一种反科学的说法不严肃不可信注博主不是文科生,
266,4627376359346592,文科生太多会影响国家发展吗个人认为不是文科生无用是很多学校文科教育水平太垃圾当然很多理工科也一样归根到底无用的不是学科无用的是垃圾的人说文科无用的大部分还不是当年学不好文科的人,
267,4627377927751102,文科生太多会影响国家发展吗总能看见有说学文没用的文科之所以这么多年以来都被歧视是因为它的能量太大了因为哲学以及人文社会科学本身就是动摇社会根基与重新架构世界框架的学问换句话来说它决定着这个世界的规则个人觉得文科根本不是无用而是因为太有用因此被忌惮了起来,
268,4627378632394389,文科生太多会影响国家发展吗这是央行该管的事吗这是央行能管的事吗这是央行有能力管的事吗,
269,4627385553783902,文科生太多会影响国家发展吗就中国的发展从逻辑上而言文科在政治方面的理论是理科发展国力的基石二者是不可分割的如果文科所在政治方面理论出现问题是有可能会导致理科在实践路上的碰头的,
270,4627388207992147,文学与艺术是人类的托底在现实与物质四分五裂之时还有一片可以仰望的天空文科生太多会影响国家发展吗,
271,4627391055399883,文科生太多会影响国家发展吗东南亚国家掉入中等收入陷阱原因之一是文科生太多文科生是干啥的历史政治经济臭老九文科生公知文科生知识越多越,
272,4627392351964791,学文无罪打文科生太多会影响国家发展吗,
273,4627393802667132,文科生太多会影响国家发展吗人生还是需要诗和远方的,
274,4627394223409537,文科生太多会影响国家发展吗文理不分科已经是第一步了,
275,4627400299909902,文科生太多会影响国家发展吗文科生太多会不会影响国家发展我不知道但是傻子太多会影响国家发展应该是真的,
276,4627400647774991,文科生太多会影响国家发展吗文科误国论哪天猎杀臭老九我第一个死小黄人剪刀手小黄人剪刀手小黄人剪刀手,
277,4627400862204896,文科生太多会影响国家发展吗影不影响不知道一起打嘴仗可有看头,
278,4627401306800710,文科生太多会影响国家发展吗尊重理工科只是为自己的专业鸣不平某些二本毕业的理工科学生也确实是太多了在我的微博下拉黑删评是我的自由我高中时理科都比这种废柴好不懂有什么优越的,
279,4627401373646913,文科生太多会影响国家发展吗从我们这个小城市的教育看在高中分文理科时很大部分的文科生是因为数理化成绩比较差而选择的文科并不是因为他们本身热爱文科或者语文政史成绩好在考大学时他们就很难考到一个比较好的学校和好的专业导致毕业后找工作困难真的是从高中就注定的问题应全文,
280,4627403764665728,文科生太多会影响国家发展吗这个词条下神经病好多啊我就是因为喜欢政史才选文啊也没必要都说是理学不好才学文无语我中考成绩物化都比政史高高中也没犹豫就选了文爱你,
281,4627404629476579,文科生太多会影响国家发展吗读了韩少功先生的谁一手制造了文科误国论首先一下先生的涉猎之广泛真的不是同辈的贾莫等人能比其次社科院那篇论文并没有正面提出文科误国的观点只是在讨论文科生太多会影响国家发展这个明明只有一句话提到了文科生太多却被解读全文,
282,4627406390300894,文科生太多会影响国家发展吗吵这个话题的家伙们是脑残吗社会自有一套机制去决定文理比例瞎哔哔啥闲得蛋疼可以去做义工还能发挥正能量,
283,4627406679446214,文科生太多会影响国家发展吗首先我认为这句话是断章取义原文要强调的并不是让文科生背锅那么针对这个话题作为一名文科生我想说问题可能不是文科生太多而是文科生太弱整个非西方世界的文科都弱如何在意识形态上迎击自由主义这一敌对思潮是个世界性难题但我想我们现在应该强全文,
284,4627412325504015,文科生太多会影响国家发展吗你是文科生还是理科生呢你觉得文科生太多会影响国家发展吗一起来聊聊吧羞嗒嗒小青夜话,
285,4627416196323907,铜仁发布你尝了吗铜仁抹茶又出新品了月日在第届贵州茶博会铜仁产销对接大会上贵茶集团发布了抹茶新品吾茶白该新品有抹茶健康茶食品抹茶拉面抹茶拿铁三个系列其中抹茶健康茶食品有抹茶核桃抹茶祈福饼抹茶雪花酥抹茶奶枣抹茶拉面系列口味有藤椒风味番全文,
286,4627417455135644,文科生太多会影响国家发展吗每天对着摄像头扭来扭去的太多才会影响国家发展重庆,
287,4627418176819322,文科生太多会影响国家发展吗唉一个社会经济越发展分工越细密其对制度和规则的需求也就越强烈同时人们也会更加追求精神消费更加注重文化建设而随着文化需求变得强烈人文类知识的地位必然会得到提高人文知识重要性的提高又会导致以人文类知识为业的文科生社会地位和声誉的提高在全文,
288,4627419719537444,文科生太多会影响国家发展吗这是什么狗屁话题居然还有蠢货在这里附和如果说理科是国家的根骨文科就是国家的口舌用根骨发力用口舌探索中国文科教育的贫瘠程度仅此一图就能看出能说出这种话的大概是忘了写出我以我血荐轩辕的鲁迅更没学过马哲傲慢而愚蠢,
289,4627422441378205,作为文科生我是常提醒自己别太容易被感受影响多点理性多点问题解决意识文科生太多会影响国家发展吗文科生招谁惹谁了凭什么说我们误国,
290,4627422748611454,文科生太多会影响国家发展吗文科只有人文关怀传承吧还有社会科学类的法律经济政治这些经济发展了国家制度管理水平也得发展法律也需要不断完善这些就需要文科生了文科生现在这样就挺好的不算太多不用担心啥的以后一段时间文科生也不会比理科多,
291,4627425587368599,春季是鼻炎高发期美女示范用白云山精油一天次效果杠杠的文科生太多会影响国家发展吗春天鼻炎患者的尴尬时刻过敏性鼻炎比特币跌破美元跨界的微博视频,
292,4627429202597765,文科生太多会影响国家发展吗至少这十几年文史哲领域公知泛滥他们以为自己无所不知其实是自不量力的无知而已无知太多慢慢就成公知了,
293,4627431740151360,文科生太多会影响国家发展吗借用昨天热搜钱伟长大佬的话国家哪里需要我我就去哪里不拘文理科,
294,4627433955266079,美媒拜登承认美墨边境移民潮是一场危机综合纽约邮报今日俄罗斯电视台报道美国总统拜登当日在一次采访中将美墨边境创纪录的移民潮称作是一场危机并承认这种情况破坏了美国接收难民计划当地时间日拜登在特拉华州威尔明顿被媒体问及边境移民问题时表示我们将增加全文,
295,4627435288789836,文科生太多会影响国家发展吗你怎么看公务员面试政道陈一铭老师的微博视频文科生考公务员挺好的,
296,4627436727963484,文科生太多会影响国家发展吗合着我现在学文我可能会影响国家发展是吗那我活着干啥摊手这是什么迷惑问题啊挖鼻,
297,4627437688980762,文科生太多会影响国家发展吗我只看到了对文科生的歧视我高中的时候文科在第一考场考试但回去总被亲戚家学理的考中等的歧视看不起我的数学我真的好讨厌这种话题啊而且这话居然是央行说出来的真是绝了,
298,4627438146160220,文科生太多会影响国家发展吗作文肖像描写一个比一个写得好这个语文老师优秀啊趣味无限大集合的微博视频,
299,4627440616081697,文科生太多会影响国家发展吗这个话题神经病可爱,
300,4627446068939717,文科生太多会影响国家发展吗我笑死了在即将毕业之际看到这样的话题嘻嘻早就感受到了文科生未来发展有多难考研调剂的时候理工科轻轻松松就有好几个复试文学类卷死卷翻天找工作薪酬更是没法比这问题一提出来以后文科生会更难吧是啊太平盛世哪还用得着书生意气去年看到华为发声明卖全文,
301,4627449910401988,文科生太多会影响国家发展吗看见这条话题我也太生气了吧当年文理分科其实就很扯明明知识在大层面上一致的本质上根本没有什么文理我物理是不行但我化学生物好的一批我化学老师知道我学了文之后扼腕叹息了好久我是理解不了一个球体落在斜坡上受了几个力可这么些年我也见过全文,
302,4627451344851971,文科生太多会影响国家发展吗二者本就不能纯粹的割裂开来无好坏优劣之分社会发展需要二者相辅相成一味的割裂开来贬低文科真是寒了我们文科生的心而在好早之前就能清楚知道好多人看不起文科生身在其中每当遇到这种时刻文科生好像总是弱的差的摊手摊手摊手而且拜托我全文,
303,4627453350252693,文科大多数为务虚型学科理科专业大多务实所谓仓廪实而知礼节衣食足而知荣辱务实的目的就在于让我们可以仓廪实衣食足在物质文明已经高度发达的今天竟然还有如此理论出现真乃奇景也文科生太多会影响国家发展吗,
304,4627453575694546,文科生太多会影响国家发展吗在这个话题下理科生怎么可能战的过文科生石家庄,
305,4627455010409946,文科生太多会影响国家发展吗有被冒犯到摊手摊手摊手没有新文化运动估计你们赛先生的地位还得晚几十年再被提高没有五四运动可能现在还有更多装睡的人难以被叫醒奥特曼奥特曼奥特曼虽然我确实学不好理科但不代表文科不必要哼哆啦梦害怕,
306,4627455866309828,春城夜谭文科生太多会掉进中等收入陷阱典型的有观点无逻辑最近央行官方微信号发布了一篇工作论文关于我国人口转型的认识和应对之策文章中提到东南亚国家掉入中等收入陷阱原因之一是文科生太多这在舆论场上引发轩然大波文科生太多会影响国家发展吗全文,
307,4627457627918284,文科生太多会影响国家发展吗这段文字写的不错高考各学科分数比例正在悄悄扼杀中国自主科研潜力以为例英语物理那么如果一个学生英语物理另一个学生英语物理结果肯定是物理的上更好的大学而物理满分却名落孙山最后我们大学培养的只能是更擅长翻译外国文全文,
308,4627460626582645,外交部回应美方打压中国个超级计算机实体文科生太多会影响国家发展吗西安开挂人生的微博视频,
309,4627465802878433,文科生太多会影响国家发展吗我看是你脑子被影响了啥比,
310,4627467127756504,文科生太多会影响国家发展吗五四青年北大最光辉的那一代是因为蔡元培不拘一格降人才年轻化的教学队伍以才选师五四时他说愿以一身担所有学生之罪为学生奔走学生们终得以释放解放思想学术自由需要的是实际行动创造出来能让火花四射的环境和氛围而不是过度行政化束缚干预下的大学全文,
311,4627470563676774,文科生太多会影响国家发展吗仅以高考来说我就是文理分科的受害者甚至中考也是允悲我多次说过我化学不行而且我对中学化学没兴趣生物也不行但我毅然决然选择理科因为我不想过早的放弃对数学与物理的了解我当时没有用自己的强项去为自己竞争显然如果考政治历史之类对我来全文,
312,4627475248713904,文科生太多会影响国家发展吗这年头先是鼓吹男女性别对立一点动静就能开始打拳再又是文理学科对立能不能表把年轻人的社会搞得戾气重重啊费解满满的正能量在哪里并不简单,
313,4627476854345680,文科生太多会影响国家发展吗东南亚国家掉入中等收入陷阱原因之一是文科生太多这观点准确与否我不知道但我觉得中国的文科生确实太多了与此同时我们的人文修养偏低做出这种判断的根据在于我们的就业更多提供理工科的岗位但我们却培养了大量的专业不对口的文科生还有就是就业的专业对口程全文,
314,4627478960408482,文科生太多会影响国家发展吗先把央视那些主播主持人解雇了吧好像都是文科生吧抱一抱,
315,4627482865306716,文科生太多会影响国家发展吗简单来说科技让人生存人文让人更好地生活没有生存何来生活没有生活生存又有何意义理科生可能自觉不缺人文素养可那又是多少文科前辈的积淀有人说文科生没建树也不见得理科生人人都是科研人才这世道是文是理都没什么可沾沾自喜的综合人才才是王道全文,
316,4627485482029976,文科生太多会影响国家发展吗求求你替国家想想办法怎么留住那些高素质高水平的理科生留在国内吧这么多年国家流失了多少理工科的人才,
317,4627488690406673,文科生太多会影响国家发展吗说了一句正确的废话什么东西多了不影响正常的发展没有足够的人文社科人才也无法搭建出合理的社会架构你把这个问题换成我国目前文科人才需求是否已经饱和这才有讨论的意义成天搞各种身份对立生怕社会不够割裂从这一点意义来讲人文社科人才根本就不够用全文,
318,4627491500592145,就说个偏见一本号称卖且说清中国三千年的书作者号称比一年一出的报告值钱一是有起码学术训练的人不是这么比较的二是中国三千年除了作者发梦不太可能说清而且这书我翻过不会翻第二遍文科生太多会影响国家发展吗,
319,4627499654579632,文科生太多会影响国家发展吗其实再过几年文理都不分科了既然看到了很多有偏见的说法那我也偏激一下真的怪不得这几年的网络环境越发不温柔了太多人不懂得差异的美了我读文科学到的最可贵的东西就是包容包容那些不确定的不了解的甚至可能是不正确的因为有敬畏,
320,4627536992534869,文科生太多会影响国家发展吗这个话题下很多发言的理科生思维水平停留在上世纪初马克斯韦伯思想面世之前高级的理科生改变世界的同时已经在探讨让人文给科技增加温度而低级的理科生忙着秀智商,
321,4627544915050646,文科生太多会影响国家发展吗好么煽动完中外矛盾煽动男女矛盾现在甚至煽动文理矛盾反正就是专搞阶级内部矛盾防止阶级矛盾扩大化呗本分析来自文科生果然文科生要不得,
322,4627545435144722,文科生太多会影响国家发展吗我直说吧因为文科生的韭菜不好割,
323,4627557913461175,文科生太多会影响国家发展吗问理科生大面积外流是什么原因造成的答文科生太多喵喵喵喵喵喵搞社会对立造成社会分裂文理学科本来就是相辅相成共同推动社会发展说这样话的人简直就是别有用心,
324,4627590255741423,文科生太多会影响国家发展吗没有我们咋宣传贵的伟大政策啊,
325,4627590855786988,文科生太多会影响国家发展吗因为央行的一篇论文让这个话题比较热很不幸我也是一名文科生当年的实际情况确实是学好数理化走遍天下都不怕只有差生和学渣才去读文科物理化学数学题脑子不开窍的人就是做不出来但历史政治靠死记硬背就能得分我个人的情况比较特殊当全文,
326,4627592437039864,文科生太多会影响国家发展吗不要把对某段生活的沉溺误解为对某个人的痴迷那段日子注定会过去你会遇到更好的人,
327,4627594550968434,文科生太多会影响国家发展吗哈哈哈哈哈哈哈哈哈哈好哈这真是我看过的最好笑的一个词条没有之一微笑微笑微笑没错就是阴阳怪气,
328,4627595536368532,文科生太多会影响国家发展吗智障叫兽太多会影响国家发展能说出这种话明显就是文科没学好,
329,4627602821613968,所谓文理分科源自苏联建国初一拨院系调整明确文理概念随后就是灭文兴理清华燕京都是倡导通识教育文科生太多会影响国家发展吗东南亚国家掉入中等收入陷阱原因之一是文科生太多时下重谈文理目的指向也很明显,
330,4627611483375447,文科生太多会影响国家发展吗当然会影响女人文人都会影响一个国家的进步和发展,
331,4627612104131554,个月业绩披露的空窗期给了各种作妖的机会每年在月底三季报披露后从月一直到第二年的月居然有长达半年的业绩空窗期所以在这个期间里各路人马最爱讲故事反正谁生谁死鬼知道嘛到时候老子早就跑了什么估值切换行业龙头集中都是这种时候最爱玩的把戏无外乎是给抱团讲些理由全文,
332,4627615941398142,文科生太多会影响国家发展吗这话题本身就是一个伪命题,
333,4627618261109023,文科生太多会影响国家发展吗觉得影响就抓紧教育改革发这种文章让人吵架真够无语的,
334,4627624720597579,文科生太多会影响国家发展吗为什么我觉得身边都是理工生,
335,4627625852535449,中级会计文科生太多会影响国家发展吗会计这么学科很有意思文理兼修今天讲的是经济法考试高频考点票据核心考点票据权利的消灭票据权利的消灭是指因发生定的法律事实而使票据权利不复存在票据权利消灭之后票据上的债权债务关系也随之消灭我国票据法着重规定了持票全文,
336,4627626356114102,心怜星的话说的也没错沐欣撇了撇嘴说道好吧激动什么放兮木有枝在主人哪里最安全在这里没有人是主人的对手千灵的心情有些沉到文科生太多会影响国家发展吗,
337,4627627413081627,文科生太多影响国家发展吗我是文科生并且很骄傲自己文科的优秀以我的文史功底来看这句话除了政治不正确之外其实是很有道理的我们国家当年落后挨打其中一个重要原因就是理工科发展落后停滞当然文理各有优势捧一个不代表踩另一个但从功利角度出发理工科发达的国家确实进步快全文,
338,4627635293917156,林毅夫称文科教育成本较低林毅夫发展中国家文科生多一个原因是文科教育成本相对低文科生太多会影响国家发展吗北京大学国家发展研究院名誉院长林毅夫表示发展中国家文科生很多同时经济发展普遍不好两者有一定的相关性但不见得有因果关系他指出发展中国家文科生多的原因在于文全文,
339,4627640046326441,林毅夫称文科教育成本较低林毅夫发展中国家文科生多一个原因是文科教育成本相对低文科生太多会影响国家发展吗北京大学国家发展研究院名誉院长林毅夫表示发展中国家文科生很多同时经济发展普遍不好两者有一定的相关性但不见得有因果关系他指出发展中国家文科生多的原因在于文全文,
340,4627647034034925,文科生太多会影响国家发展吗我觉得艺术生太多影响国家发展尤其是那些网红戏子,
341,4627648078419856,文科生太多会影响国家发展吗全程无遮挡真实评价数学从分一路飙升到分仅用周好的方法提分太容易孙一夫老师孙一夫老师,
342,4627649449689643,文科生太多会影响国家发展吗国家需要科学技术建设现在的金融学经济学领域都逐渐偏向理科人工智能等更是让理科领域人才大展拳脚但是国家的进步同样离不开语言文学哲学等领域的人文关怀每个行业的每一位从业者都在以他们的方式发光发热如果仅仅是讨论太多那么任何东西全文,
343,4627652738810770,文科生太多会影响国家发展吗,
344,4627658087073278,文科生太多会影响国家发展吗有些人读书少就爱发表些读书无用论央行说的就是你哦还有一堆腿毛,
345,4627670686241737,文科生太多会影响国家发展吗要重视理工科教育没问题但这跟文科生有什么关系,
346,4627676159544121,文科生太多会影响国家发展吗我就是个文科生对这个观点压根懒得搭理纯属放屁老子干工作为国家建设贡献自己的一份力并以此拿工资养活家人我怎么样岂是由他定性以后我的孩子选文选理也会尊重他的爱好与选择什么反智思维才能说出那套理论不知道在他眼中多少理科生才能发展中国,
347,4627679426905391,基金文科生太多会影响国家发展吗商业创新要发生驱动力是人类追求知识和财富也就是更高质量的信息和能量它会往什么方向走呢往效率更高世界更有秩序的方向走它的创新结构是怎么样的呢科学推动技术技术找到市场市场转化财富而且放在全球版图上看创新的中心更大概率全文,
348,4627680123685149,文科生太多会影响国家发展吗不知道有些文科生在激动什么说的是太多了会影响没说现有的你我他会影响这不是强调了数量问题吗重点看不懂吗逻辑理解真的为,
349,4627682635810521,小调查你擅长文科还是理科林毅夫称文科教育成本较低林毅夫发展中国家文科生多一个原因是文科教育成本相对低这些年人力资本理论非常盛行尤其世界银行国际发展机构等都让发展中国家大量发展教育但是理工科的发展教育成本非常高文科生太多会影响国家发展吗全文,
350,4627685864639683,文科生太多会影响国家发展吗意思是让很多人读个中专职校就去做工人社会不需要那么多坐办公室的大学生现在缺的是体力劳动人口和计算机算法这些人才只不过直接说太难听鸡娃半天孩子还是找不到工作,
351,4627687668714575,文科生太多会影响国家发展吗文科生受歧视不少了吧我们学校理科班几乎是文科班的五倍连校长都在别班说学文都是废物挺无语,
352,4627698096013393,文科生太多会影响国家发展吗这操蛋的报告又是哪位沙雕领导的杰作呢,
353,4627700167476548,文科生太多会影响国家发展吗取一文科入屋予亿现钞限年内研出芯片年过去墙现无数个正字所以别闹,
354,4627705125147490,文科生太多会影响国家发展吗要是有辅助作战地图就好了太原,
355,4627705569741360,结合两天前央行发表的文章关于我国人口转型的认识和应对之策来看文科生确实该接着减少了不是学文科的人有问题而是等国的文科教育根本是笑话文科生太多会影响国家发展吗别扯我裙子别扯我裙子我作证是的我在看考研政治网课老师说现在答题已经不能提精准扶贫了,
356,4627713652689978,文科生太多会影响国家发展吗骄傲狭隘的理科生永远不会明白文科的重要就好像文章是草包写的支持文科的名言是教授说的但他们装作不知道并认为自己是不随波逐流有自己的独立思想我们永远叫不醒装睡的人夏虫语冰可太累了,
357,4627714248542505,文科生太多会影响国家发展吗现代教育根据现代经济发展的要求不再着眼于人本身的全面发展和提高更不关心人格的培养与完善而只是以培养社会经济发展需要的专业人员为能事把人作为器具来培养这就使得对未来固然毫无憧憬对人类伟大的过去也没有任何兴趣技能娴熟思想贫乏,
358,4627717037230219,文科生太多会影响国家发展吗文科生太多不会影响国家发展提这种问题的人多了才会影响国家发展,
359,4627718555304407,每个人家里既有实用的地方比如厕所厨房也有客厅餐厅这种看上去没啥大用的房间但是你总不能给客人展示你的厕所和厨房吧不得有个让人喘息一下放松精神的地方呀当然有人说我坐厨房吃饭也行厕所吃饭也能将就但是大多数人都希望能过得体面有点精神追求也没错吧全文,
360,4627732836647502,文科生太多会影响国家发展吗你就这样一个理解能力像你这样的文科生真的不需要太多呀中国人民大学国际关系学院储殷教授,
361,4627734951100963,文科生太多会影响国家发展吗我只说一句这是世界归根到底是文科生统治的,
362,4627739581088892,林毅夫制造了一个本不该成为问题的问题文科生太多会影响国家发展吗成了微博里体现优越感和鄙视链的话题看不起文科生制造不出光刻机是文科生惹的祸笑最能说明问题的就是皮克斯动画片了制造一部动画片需要先进的计算机渲染软件等等但制造出一部好电影同时也需要讲好故事全文,
363,4627740706472543,转发赠书奇葩说宝藏导师刘擎刘擎向微信读书的书友们发出邀约月日周三晚上在深圳书城中心城深圳书城中心城北区大台阶刘擎教授将为大家分享他的新作做一个清醒的现代人一起跟随他的思索与文字探索世界和自己转发关注腾讯微信读书腾讯微信读书抽位书友送出做一个清醒的现代人首发签章全文,
364,4627740717745764,文科生太多会影响国家发展吗文理科其实本身就没有那么泾渭分明大家都是相互融合的没有纯粹的文科和理科干嘛老是说这些东西,
365,4627743180329608,文科生太多会影响国家发展吗会吧建议全民体育生最好了,
366,4627751665927085,文科生太多会影响国家发展吗虽然但是我就是一个一点点数理化都学不了的纯文科生我就是废物对不起影响国家发展了二哈毕业论文终于暂时落下帷幕已经为研究生生活开始担忧了即使在文科生群体中我也并不优秀没有上顶尖的大学好不容易考研跨了专业已经非常庆幸了然而还是只全文,
367,4627764832110974,文科生太多会影响国家发展吗为什么我们将永远需要文科专业旧文新读为什么我们将永远需要文科专业旧文新读,
368,4627766849309256,文科生太多会影响国家发展吗我是希望儿子读理工科的可一直让人担心的事终究是来了儿子说要报北京大学历史专业强基计划文科里面最死最古最没用处的历史我也劝不动你们能教教我怎么让他打消念头即使文科也有很多可选呀业余搞搞的东西他想用聪明的脑子去专业搞全文,
369,4627775246304810,文科生太多会影响国家发展吗林毅夫称文科教育成本较低北京大学国家发展研究院名誉院长林毅夫表示发展中国家文科生很多同时经济发展普遍不好两者有一定的相关性但不见得有因果关系他指出发展中国家文科生多的原因在于文科教育的成本相对较低这些年人力资本理论非常盛行尤其世全文,
370,4627795281974293,文科生太多会影响国家发展吗伤害性不大侮辱性极强微笑,
371,4627804094469373,嘉玲表示拍摄山海经是源于我对传统文化的热爱作为中华文化的瑰宝我觉得应该让更多人看到它的魅力文科生太多会影响国家发展吗,
372,4627819865051558,文科生太多会影响国家发展吗中国千年科举培养的全是文科生培养理科生的历史也就近百年所以没有文科生就没有中国的历史文化但没有理科生就没有中国的现代化,
373,4627819889957042,文科生太多会影响国家发展吗我就直白地说吧很显然这个话题和女拳话题一样被炮制出来的目的就是用来撕裂社会的所有热点话题都需要炒作而没有组织没有经费任何热点都炒作不起来就这么简单,
374,4627828580812653,陕西大堡子西汉墓地出土大量彩绘陶器西安新闻位于西咸新区秦汉新城大堡子墓地一处西汉时期大型墓地出土大量纹饰精美彩绘陶器这些纹样华美彩绘陶器色彩绚丽构图繁复极具灵动和神秘之感折射出多年前先民艺术构思和精神追求大堡子墓地墓葬分布密集西汉早期墓葬数量预计超过全文,
375,4627829562019432,文科生太多会影响国家发展吗想到文综的选择题永远都有该选项正确但与题意无关所以不选,
376,4627837673543203,文科生太多会影响国家发展吗说文科生太多影响的滚回去看决议吃瓜,
377,4627841360593022,文科生太多会影响国家发展吗达到一定饱和度会有影响宋朝不就是重文轻武打不过北金吗就我这理科文凭拿个文科硕士学位觉得文科老难了我这小圈子自我感觉除了不爱上学的就是理工科也可能我的家庭背景环境原因不重视文艺类的重技艺,
378,4627848705605849,文科生太多会影响国家发展吗水印,
379,4627935292031247,文科生太多会影响国家发展吗念你的心情浓蛋糕如酒你要不要饮一口,
380,4627941856903242,文科生太多会影响国家发展吗这个牛逼一本正经在讨论一种不存在的东西是不是太多了,
381,4627975725647735,一堆黑子故意偷换概念制造话题结果一些理科生立刻优越感爆棚想都不想就套用文科生模式简单用文科生这层身份去解释问题这有意思吗理科生看问题就这么机械会区分问题吗会透过现象看本质吗难道只会洋洋自得地炫耀那点儿知识理科生都这么呆和憨吗别人居心叵测地制造一个话题全文,
382,4627986975033104,文科生太多会影响国家发展吗这是一棍子打翻了所有艺术类的学生了可以说是对建设科技强国毫无用处不如一个电焊工有价值,
383,4627993345918918,文科生太多会影响国家发展吗哲学是一切科学的本源,
384,4627996012711496,文科生太多会影响国家发展吗其实绝大多数个人没有必要把自己放在国家层面上去思考因为大家永远都到不了那个层面每个人都认清自己的天赋努力去做好自己这个国家自然不会太糟糕真正的问题只有一个你想成为什么样的自己,
385,4628003127299427,文科生太多会影响国家发展吗嗯嗯啊文理偏见真是永远都不会消失呢,
386,4628010411756963,文科生太多会影响国家发展吗啊这说明文科生威力不小裂开,
387,4628016267792182,文科生太多会影响国家发展吗文理分科本来就是一种不太健全的教育模式现在又在说文科生过多的问题人文科学和自然科学是相辅相成的关系其本质就是人类为探索自身在宇宙中的发展所做出的努力我们所谓的文科文学历史政治的基础教育都是人的全面发展不可或缺的一部分文科生的数量不在全文,
388,4628019157930003,文科生太多会影响国家发展吗不如学艺术半文不理掺点美,
389,4628030607329965,文科生太多会影响国家发展吗文理科人都挺多呀不是说文科生影响话要说事儿也要做文理都应该在各自的领域发光发热文理不分家健康你我他,
390,4628061456698591,文科生太多会影响国家发展吗方向的应试教育会以及提出这个问题的也会意大利法国也靠艺术闻名世界,
391,4628069383672446,文科生太多会影响国家发展吗这个时代确实需要的是实践加建设性的理科人才文科人才确实出身不好学了在多知识文政史哲根本普通学子就不能玩转能玩转的基本都是精英中的精英可以塑造整个世界那种人才偷笑我还是支持学子们兼顾你的人生才会坚固胜利,
392,4628070386373025,文科生太多会影响国家发展吗很明显这个话题已经被带跑偏原本应该是关于文科教育的问题现在反而变成了对文科生的讨论文科生是没有原罪的文科的普适性决定了参与文科教育的受众会非常多如何保质保量的开展文科教育达到文科教育对人全面性的培养与塑造恐怕才是这个话题应有的方向和目的,
393,4628072529920679,文科生太多会影响国家发展吗太多只有空谈的文科生太多真的影响发展我非常后悔的一件事就是学了文科事实证明伟大的作家都不是中文系毕业伟大的政治家也不是政治学毕业的然而伟大的物理学家却肯定是物理学毕业的,
394,4628077042471500,文科生太多会影响国家发展吗什么是中等收入陷阱调入陷阱肯定是多方面的原因培养文理兼通的人生才是正道啊人才培养怎么能够顾此失彼非理工即文科呢,
395,4628081320923823,术语是每一门能称之为科学的学问的必需品一个术语的诞生是特定智识的结晶单向而术语的运用的逻辑却并不简单因为包含它的文本如果不是受法律禁止必是面向所有人群的多向一个理想的术语运用模型应当是一种用精妙的词语对现象的精准描述以免产生赘述然而现代传媒的一些特性使得全文,
396,4628091571538167,文科生太多会影响国家发展吗文理之争究竟该争论什么重视理工科教育东南亚国家掉入中等收入陷阱的原因之一是文科生太多因为这句话关于我国人口转型的认识和应对之策实实在在火了一把经济学论文里一句无足轻重的表述却导致一场教育争论谁也始料未及触动人们敏感神经的全文,
397,4628102691685596,文科生太多会影响国家发展吗文科生如果真多的话也不会出此言论成为热议话题淮南,
398,4628128162384395,文科生太多影响国家发展文理之争究竟该争论什么重视理工科教育东南亚国家掉入中等收入陷阱的原因之一是文科生太多因为这句话关于我国人口转型的认识和应对之策实实在在火了一把经济学论文里一句无足轻重的表述却导致一场教育争论谁也始料未及触动人们敏感神经的或许并全文,
399,4628129577177835,本来以为是央行多事没想到金融和法律界果然是文科生太多浙大就没个计算机系物理系校友去给文科生做个科普吗文科生太多会影响国家发展吗查看图片,
400,4628148001442126,文科生太多会影响国家发展吗男女对立搞完了又开始文理对立了泸州泸县,
401,4628316151875570,引用弓先声弓先声的一段话如果某一些国家落后是因为某种东西太多那么不是文科生太多而是没逻辑没思想自以为是指手画脚空谈误国的文科生太多也不是理科生太少而是忍受孤独钻研科学脱离低级理想站位家国高度的理科生太少文科生太多会影响国家发展吗,
402,4628322712290066,文科生太多会影响国家发展吗今晚点我们准时开讲,
403,4628323613544701,文科生太多会影响国家发展吗把对前途未知的忧虑转化成对于文科生的批判才会影响国家发展摊手,
404,4628343305015303,文科生太多会影响国家发展吗我自己就是文科生感觉对社会贡献太少了,
405,4628352893715920,文科生太多会影响国家发展吗一个肯定的事实是发展中国家文科生偏多这是因为相对理科的高投入相比文科教育成本相对低故而造成文科生多而同时东南亚国家经济普遍发展不好两者有一定的关联性但未必有因果关系再说回中等收入陷阱造成这个现象的原因有经济学家分析到大多是因全文,
406,4628374791651405,文科生太多会影响国家发展吗中等收入陷阱文理之争并不重要而是这个问题近日一篇名为关于我国人口转型的认识和应对之策的文章引发热议文章提出应全面放开和鼓励生育解决妇女在怀孕生产子女入学等方面的困难同时文章希望能够提高理工科学生的比重因为东南亚国家掉入中等全文,
407,4628385642317406,文科生太多会影响国家发展吗与其把文理科上升到二元对立的讨论维度还不如关注一下普通学校的学科建设和学术环境问题上文科内卷的这么可怕真的是因为比理科容易吗还是本科四年压根等于白念被骗到一个整天灌输喝酒思想上课听教授扯犊子唱老棒子歌的学校才是真的影响国家发展,
408,4628401984115821,文科生太多会影响国家发展吗为什么说文科生多会影响国家发展我觉得戏子太多才会影响国家发展严重危害了追星女孩的思想发展,
409,4628407160409538,前些天央行的一篇发文引发了大家对于文科生太多会影响国家发展吗的热烈讨论本期佳人友约人大法学博士储殷储殷恋词系列书作者朱伟老师朱伟老师北医三院薄世宁医生薄世宁医生今天晚点一起连麦另外还有空降嘉宾水皮水皮也欢迎粉丝连麦分享自己的观点全民直播月全民理财节,
410,4628425307851057,储殷储殷嘻嘻嘻嘻嘻嘻,
411,4628425317289168,文科生太多会影响国家发展吗其实文科生本身很清楚这件事我自己也在慢慢从文科向社科过渡这些年慢慢转型研究小语种研究区域国别研究社会热点目标当然是能够学以致用咯,
412,4628426105031063,文科生太多会影响国家发展吗影响不大但是还是理科生多一点好九漏鱼太多影响国家发展还给青少年错误的示范不上学也可以赚很多钱,
413,4628445218737036,文科生太多会影响国家发展吗嗯尤其是多了我这种半吊子废物文科生可爱,
414,4628453288315386,文科生太多会影响国家发展吗就业率较低收入和就业满意度不高的红牌专业包括绘画历史学应用心理学音乐表演等个人觉得这难道不是因为我国文化产业太差导致的吗这跟文科生没关系吧现在文科生最大的优势就是考公了挖鼻,
415,4628464940877158,文科生太多会影响国家发展吗文科生不会误国理科生也不会误国只有白痴空谈才误国裂开,
416,4628506422284180,文科生太多会影响国家发展吗文科生怎么就误国了舆论阵地也很重要节目链接网页链接文盲脱口秀的微博视频,
417,4628506572489687,欢迎各位同学与跨界大们连麦表达自己的观点今晚点不见不散全民理财节,
418,4628525162954764,文科生太多会影响国家发展么文科生太多会影响国家发展吗让我们一起直播聊起来人大法学博士储殷储殷恋词系列书作者朱伟老师朱伟老师北医三院薄世宁医生薄世宁医生以及空降嘉宾水皮水皮也欢迎粉丝们连麦分享自己的观点全民直播月全民理财节陈一佳的微博直播,
419,4628526349424262,我正在与陈一佳陈一佳连麦快来围观,
420,4628530815829342,文科生太多会影响国家发展吗思考思考思考,
421,4628530929865837,文科生太多会影响国家发展吗直播间聊起来,
422,4628536746842639,直播连麦全民直播月文科生太多会影响国家发展吗让我们一起直播聊起来酷,
423,4628540233090625,文科生太多会影响国家发展吗会不会不知道但是容易去当炮灰是真的我们文科生太难了允悲允悲允悲广州,
424,4628541927068581,朋友在兰州市城关区中心城区花万买了一套平米的房子相比上海市主城区最便宜的房子每平米万元平的房子至少也要万的房价来看兰州市人民币的绝对价值是上海市人民币绝对价值的倍也就是说如果你在兰州市月收入为人民币元那你的生活水平和在上海市月收入人民币全文,
425,4628545932102885,文科生太多会影响国家发展吗真无语住了什么年代了还搞重理轻文那一套国家现状就是理科生比文科生多的多啊还要怎样把文科生赶尽杀绝国家就强大了文理各有各的用处找优越感的人可别丢人了文理不分对与错,
426,4628548482242753,文科生太多会影响国家发展吗傻瓜这种论调不是文科生无用而是不需要平民阶层的文科生哲学家演说家思想家作家律师艺术家等等只需要来自既得利益阶层够了平民阶的子弟还是去干理工科当工具人比较好一些美其名曰好找工作收入高你品出味道了吗笑而不语思考嘘全文,
427,4628557144528240,文科生太多会影响国家发展吗过去贯彻落实科教兴国人才强国战略加大理工科建设力度培养高科技人才队伍助力产业转型升级现在文科影响国家发展,
428,4628572389772955,文科生太多会影响国家发展吗文科很重要学好文科需要开阔的视野扎实的积淀独立的思想博爱的情杯决不是死记硬背更不是学不好数理化的后路所以文科更适合精英教育现在太多差学校因成本低而开文科专业一些学生学不懂数理化而上三本文科这样的文科确实没有价值深圳星海名城,
429,4628746000139562,微博直播连麦本周亮点连麦场次回顾朱一龙朱一龙生日宠粉学跳手指舞李易峰李易峰来连麦彭冠英彭冠英围观憧憬陈一佳陈一佳连麦博士储殷储殷朱伟老师朱伟老师等大咖探讨文科生太多会影响国家发展吗周宏翔周宏翔世界读书日连麦好友程一程一花大钱花大钱讨论短视频可以代替阅读吗任韧任韧全文,
430,4628829547266533,文科生太多会影响国家发展吗硅谷风险投资人前美国总统创新顾问斯科特哈特里在考察了近百位数字时代创业者的经历后给出的回答是技术固然重要但文科教育为下一代带来的能力才是能让技术发挥出其价值的关键文艺呆与科技宅这本书清楚地阐明了人文科学在这个以技术为中心的世界中的重要性,
431,4628893581443735,文科生太多会影响国家发展吗走遍天下靠得不是数理化也不是语数外靠的是健强的体魄和坚强的心,
432,4629052033598232,文科生太多会影响国家发展吗我有理由怀疑能够写出这样一篇论文的作者毕业也是保送,
433,4629094233543059,文科生太多会影响国家发展吗有毛病吧分什么文理科基础教育直接一起学等到高等教育想专研理科或者文科直接自己去对应专业考你想发展啥就把啥加入基础教育里比如计算机编程啥的基数大了总能淘到特别有天赋的让专业的人去做专业的事而不是莫名其妙引导人选了奇奇怪怪的专业最后还要全文,
434,4629114957598962,文科哪里误国文科生太多会影响国家发展吗深圳,
435,4629140131023056,央行工作论文抛出新观点文科生太多会让国家掉入中等收入陷阱中国人民银行发表工作论文关于我国人口转型的认识和应对之策文章表示东南亚国家掉入中等收入陷阱原因之一是文科生太多你怎么看允悲允悲,
